slug,title,adventurer_level,level_order,source_scope,source_kind,requirements_detected,pdf,md,raw_txt,image,image_width,image_height,source_page,source_url,image_url,error
corderitos-alimentos-sanos,Alimentos sanos,Corderito (preescolar),preescolar,Asociación General,pdf,4,/Users/abner/Documents/development/sacdia/docs/working/aventureros-especialidades/pdf/corderitos-alimentos-sanos.pdf,/Users/abner/Documents/development/sacdia/docs/working/aventureros-especialidades/md/corderitos-alimentos-sanos.md,/Users/abner/Documents/development/sacdia/docs/working/aventureros-especialidades/raw/corderitos-alimentos-sanos.txt,/Users/abner/Documents/development/sacdia/docs/working/aventureros-especialidades/images/corderitos-alimentos-sanos.png,962,952,https://www.guiasmayores.com/especialidades-de-corderitos.html,https://www.guiasmayores.com/uploads/1/1/3/1/1131412/aventureros_alimentos_sanos.pdf,https://www.guiasmayores.com/uploads/1/1/3/1/1131412/alimentos-sanos_orig.png,
corderitos-amigos-de-la-biblia,Amigos de la Biblia,Corderito (preescolar),preescolar,Asociación General,pdf,4,/Users/abner/Documents/development/sacdia/docs/working/aventureros-especialidades/pdf/corderitos-amigos-de-la-biblia.pdf,/Users/abner/Documents/development/sacdia/docs/working/aventureros-especialidades/md/corderitos-amigos-de-la-biblia.md,/Users/abner/Documents/development/sacdia/docs/working/aventureros-especialidades/raw/corderitos-amigos-de-la-biblia.txt,/Users/abner/Documents/development/sacdia/docs/working/aventureros-especialidades/images/corderitos-amigos-de-la-biblia.png,568,577,https://www.guiasmayores.com/especialidades-de-corderitos.html,https://www.guiasmayores.com/uploads/1/1/3/1/1131412/aventureros_amigos_de_la_biblia.pdf,https://www.guiasmayores.com/uploads/1/1/3/1/1131412/amigos-de-la-biblia-estrellita_orig.png,
corderitos-animales-del-zoologico,Animales del zoológico,Corderito (preescolar),preescolar,Asociación General,pdf,6,/Users/abner/Documents/development/sacdia/docs/working/aventureros-especialidades/pdf/corderitos-animales-del-zoologico.pdf,/Users/abner/Documents/development/sacdia/docs/working/aventureros-especialidades/md/corderitos-animales-del-zoologico.md,/Users/abner/Documents/development/sacdia/docs/working/aventureros-especialidades/raw/corderitos-animales-del-zoologico.txt,/Users/abner/Documents/development/sacdia/docs/working/aventureros-especialidades/images/corderitos-animales-del-zoologico.png,780,767,https://www.guiasmayores.com/especialidades-de-corderitos.html,https://www.guiasmayores.com/uploads/1/1/3/1/1131412/aventureros_animales_del_zoológico.pdf,https://www.guiasmayores.com/uploads/1/1/3/1/1131412/animales-del-zool-gico_orig.png,
corderitos-ayudantes-en-la-comunidad,Ayudantes en la comunidad,Corderito (preescolar),preescolar,Asociación General,pdf,4,/Users/abner/Documents/development/sacdia/docs/working/aventureros-especialidades/pdf/corderitos-ayudantes-en-la-comunidad.pdf,/Users/abner/Documents/development/sacdia/docs/working/aventureros-especialidades/md/corderitos-ayudantes-en-la-comunidad.md,/Users/abner/Documents/development/sacdia/docs/working/aventureros-especialidades/raw/corderitos-ayudantes-en-la-comunidad.txt,/Users/abner/Documents/development/sacdia/docs/working/aventureros-especialidades/images/corderitos-ayudantes-en-la-comunidad.png,782,774,https://www.guiasmayores.com/especialidades-de-corderitos.html,https://www.guiasmayores.com/uploads/1/1/3/1/1131412/aventueros_ayudantes_en_la_comunidad.pdf,https://www.guiasmayores.com/uploads/1/1/3/1/1131412/ayudantes-de-la-comunidad_orig.png,
corderitos-ayudante-especial,Ayudante especial,Corderito (preescolar),preescolar,Asociación General,pdf,5,/Users/abner/Documents/development/sacdia/docs/working/aventureros-especialidades/pdf/corderitos-ayudante-especial.pdf,/Users/abner/Documents/development/sacdia/docs/working/aventureros-especialidades/md/corderitos-ayudante-especial.md,/Users/abner/Documents/development/sacdia/docs/working/aventureros-especialidades/raw/corderitos-ayudante-especial.txt,/Users/abner/Documents/development/sacdia/docs/working/aventureros-especialidades/images/corderitos-ayudante-especial.png,790,777,https://www.guiasmayores.com/especialidades-de-corderitos.html,https://www.guiasmayores.com/uploads/1/1/3/1/1131412/aventureros_ayudante_especial.pdf,https://www.guiasmayores.com/uploads/1/1/3/1/1131412/ayudante-especial_orig.png,
corderitos-corderito-de-lana,Corderito de lana,Corderito (preescolar),preescolar,Asociación General,pdf,4,/Users/abner/Documents/development/sacdia/docs/working/aventureros-especialidades/pdf/corderitos-corderito-de-lana.pdf,/Users/abner/Documents/development/sacdia/docs/working/aventureros-especialidades/md/corderitos-corderito-de-lana.md,/Users/abner/Documents/development/sacdia/docs/working/aventureros-especialidades/raw/corderitos-corderito-de-lana.txt,/Users/abner/Documents/development/sacdia/docs/working/aventureros-especialidades/images/corderitos-corderito-de-lana.png,779,776,https://www.guiasmayores.com/especialidades-de-corderitos.html,https://www.guiasmayores.com/uploads/1/1/3/1/1131412/aventureros_corderito_de_lana.pdf,https://www.guiasmayores.com/uploads/1/1/3/1/1131412/lana_orig.png,
corderitos-estrellas,Estrellas,Corderito (preescolar),preescolar,Asociación General,pdf,4,/Users/abner/Documents/development/sacdia/docs/working/aventureros-especialidades/pdf/corderitos-estrellas.pdf,/Users/abner/Documents/development/sacdia/docs/working/aventureros-especialidades/md/corderitos-estrellas.md,/Users/abner/Documents/development/sacdia/docs/working/aventureros-especialidades/raw/corderitos-estrellas.txt,/Users/abner/Documents/development/sacdia/docs/working/aventureros-especialidades/images/corderitos-estrellas.png,990,982,https://www.guiasmayores.com/especialidades-de-corderitos.html,https://www.guiasmayores.com/uploads/1/1/3/1/1131412/aventureros_estrellas.pdf,https://www.guiasmayores.com/uploads/1/1/3/1/1131412/estrellas-corderitos_orig.png,
corderitos-insectos,Insectos,Corderito (preescolar),preescolar,Asociación General,pdf,4,/Users/abner/Documents/development/sacdia/docs/working/aventureros-especialidades/pdf/corderitos-insectos.pdf,/Users/abner/Documents/development/sacdia/docs/working/aventureros-especialidades/md/corderitos-insectos.md,/Users/abner/Documents/development/sacdia/docs/working/aventureros-especialidades/raw/corderitos-insectos.txt,/Users/abner/Documents/development/sacdia/docs/working/aventureros-especialidades/images/corderitos-insectos.png,787,777,https://www.guiasmayores.com/especialidades-de-corderitos.html,https://www.guiasmayores.com/uploads/1/1/3/1/1131412/aventureros_insectos.pdf,https://www.guiasmayores.com/uploads/1/1/3/1/1131412/insectos_orig.png,
corderitos-musica,Música,Corderito (preescolar),preescolar,Asociación General,pdf,4,/Users/abner/Documents/development/sacdia/docs/working/aventureros-especialidades/pdf/corderitos-musica.pdf,/Users/abner/Documents/development/sacdia/docs/working/aventureros-especialidades/md/corderitos-musica.md,/Users/abner/Documents/development/sacdia/docs/working/aventureros-especialidades/raw/corderitos-musica.txt,/Users/abner/Documents/development/sacdia/docs/working/aventureros-especialidades/images/corderitos-musica.png,789,780,https://www.guiasmayores.com/especialidades-de-corderitos.html,https://www.guiasmayores.com/uploads/1/1/3/1/1131412/estrellita-música.pdf,https://www.guiasmayores.com/uploads/1/1/3/1/1131412/m-sica_orig.png,
corderitos-sano-y-fuerte,Sano y fuerte,Corderito (preescolar),preescolar,Asociación General,pdf,4,/Users/abner/Documents/development/sacdia/docs/working/aventureros-especialidades/pdf/corderitos-sano-y-fuerte.pdf,/Users/abner/Documents/development/sacdia/docs/working/aventureros-especialidades/md/corderitos-sano-y-fuerte.md,/Users/abner/Documents/development/sacdia/docs/working/aventureros-especialidades/raw/corderitos-sano-y-fuerte.txt,/Users/abner/Documents/development/sacdia/docs/working/aventureros-especialidades/images/corderitos-sano-y-fuerte.png,316,313,https://www.guiasmayores.com/especialidades-de-corderitos.html,https://www.guiasmayores.com/uploads/1/1/3/1/1131412/aventureros_sano_y_fuerte.pdf,https://www.guiasmayores.com/uploads/1/1/3/1/1131412/4304839_orig.png,
corderitos-tiempo,Tiempo,Corderito (preescolar),preescolar,Asociación General,pdf,4,/Users/abner/Documents/development/sacdia/docs/working/aventureros-especialidades/pdf/corderitos-tiempo.pdf,/Users/abner/Documents/development/sacdia/docs/working/aventureros-especialidades/md/corderitos-tiempo.md,/Users/abner/Documents/development/sacdia/docs/working/aventureros-especialidades/raw/corderitos-tiempo.txt,/Users/abner/Documents/development/sacdia/docs/working/aventureros-especialidades/images/corderitos-tiempo.png,787,788,https://www.guiasmayores.com/especialidades-de-corderitos.html,https://www.guiasmayores.com/uploads/1/1/3/1/1131412/aventureros_tiempo.pdf,https://www.guiasmayores.com/uploads/1/1/3/1/1131412/tiempo_orig.png,
corderitos-trenes-y-camiones,Trenes y camiones,Corderito (preescolar),preescolar,Asociación General,pdf,4,/Users/abner/Documents/development/sacdia/docs/working/aventureros-especialidades/pdf/corderitos-trenes-y-camiones.pdf,/Users/abner/Documents/development/sacdia/docs/working/aventureros-especialidades/md/corderitos-trenes-y-camiones.md,/Users/abner/Documents/development/sacdia/docs/working/aventureros-especialidades/raw/corderitos-trenes-y-camiones.txt,/Users/abner/Documents/development/sacdia/docs/working/aventureros-especialidades/images/corderitos-trenes-y-camiones.png,782,780,https://www.guiasmayores.com/especialidades-de-corderitos.html,https://www.guiasmayores.com/uploads/1/1/3/1/1131412/dna_-_trenes_y_camiones.pdf,https://www.guiasmayores.com/uploads/1/1/3/1/1131412/trenes-y-camiones_orig.png,
corderitos-usar-los-dedos,Usar los dedos,Corderito (preescolar),preescolar,Asociación General,pdf,5,/Users/abner/Documents/development/sacdia/docs/working/aventureros-especialidades/pdf/corderitos-usar-los-dedos.pdf,/Users/abner/Documents/development/sacdia/docs/working/aventureros-especialidades/md/corderitos-usar-los-dedos.md,/Users/abner/Documents/development/sacdia/docs/working/aventureros-especialidades/raw/corderitos-usar-los-dedos.txt,/Users/abner/Documents/development/sacdia/docs/working/aventureros-especialidades/images/corderitos-usar-los-dedos.png,768,748,https://www.guiasmayores.com/especialidades-de-corderitos.html,https://www.guiasmayores.com/uploads/1/1/3/1/1131412/aventureros_usar_los_dedos.pdf,https://www.guiasmayores.com/uploads/1/1/3/1/1131412/usar-los-dedos_orig.png,
corderitos-parche-de-rompecabezas,Parche de rompecabezas,Corderito (preescolar),preescolar,Asociación General,html,0,,/Users/abner/Documents/development/sacdia/docs/working/aventureros-especialidades/md/corderitos-parche-de-rompecabezas.md,/Users/abner/Documents/development/sacdia/docs/working/aventureros-especialidades/raw/corderitos-parche-de-rompecabezas.txt,/Users/abner/Documents/development/sacdia/docs/working/aventureros-especialidades/images/corderitos-parche-de-rompecabezas.png,528,527,https://www.guiasmayores.com/especialidades-de-corderitos.html,https://www.guiasmayores.com/estrellas---parche-de-rompecabezas.html,https://www.guiasmayores.com/uploads/1/1/3/1/1131412/7523434_orig.png,
corderitos-la-creacion,La Creación,Corderito (preescolar),preescolar,Asociación General,image-only,0,,/Users/abner/Documents/development/sacdia/docs/working/aventureros-especialidades/md/corderitos-la-creacion.md,/Users/abner/Documents/development/sacdia/docs/working/aventureros-especialidades/raw/corderitos-la-creacion.txt,/Users/abner/Documents/development/sacdia/docs/working/aventureros-especialidades/images/corderitos-la-creacion.png,528,376,https://www.guiasmayores.com/especialidades-de-corderitos.html,https://www.guiasmayores.com/uploads/1/1/3/1/1131412/creaci-n-ag_orig.png,https://www.guiasmayores.com/uploads/1/1/3/1/1131412/creaci-n-ag_orig.png,
castorcitos-amigos-de-la-biblia,Amigos de la Biblia,Castorcito (jardín de infantes),jardin,Asociación General,pdf,10,/Users/abner/Documents/development/sacdia/docs/working/aventureros-especialidades/pdf/castorcitos-amigos-de-la-biblia.pdf,/Users/abner/Documents/development/sacdia/docs/working/aventureros-especialidades/md/castorcitos-amigos-de-la-biblia.md,/Users/abner/Documents/development/sacdia/docs/working/aventureros-especialidades/raw/castorcitos-amigos-de-la-biblia.txt,/Users/abner/Documents/development/sacdia/docs/working/aventureros-especialidades/images/castorcitos-amigos-de-la-biblia.png,954,961,https://www.guiasmayores.com/especialidades-de-castorcitos.html,https://www.guiasmayores.com/uploads/1/1/3/1/1131412/dna-amigos_de_la_biblia.pdf,https://www.guiasmayores.com/uploads/1/1/3/1/1131412/amigos-de-la-biblia-ficha_orig.png,
castorcitos-animales,Animales,Castorcito (jardín de infantes),jardin,Asociación General,pdf,5,/Users/abner/Documents/development/sacdia/docs/working/aventureros-especialidades/pdf/castorcitos-animales.pdf,/Users/abner/Documents/development/sacdia/docs/working/aventureros-especialidades/md/castorcitos-animales.md,/Users/abner/Documents/development/sacdia/docs/working/aventureros-especialidades/raw/castorcitos-animales.txt,/Users/abner/Documents/development/sacdia/docs/working/aventureros-especialidades/images/castorcitos-animales.png,955,953,https://www.guiasmayores.com/especialidades-de-castorcitos.html,https://www.guiasmayores.com/uploads/1/1/3/1/1131412/dna-animales.pdf,https://www.guiasmayores.com/uploads/1/1/3/1/1131412/animales_orig.png,
castorcitos-arte-en-esponja,Arte en esponja,Castorcito (jardín de infantes),jardin,Asociación General,pdf,5,/Users/abner/Documents/development/sacdia/docs/working/aventureros-especialidades/pdf/castorcitos-arte-en-esponja.pdf,/Users/abner/Documents/development/sacdia/docs/working/aventureros-especialidades/md/castorcitos-arte-en-esponja.md,/Users/abner/Documents/development/sacdia/docs/working/aventureros-especialidades/raw/castorcitos-arte-en-esponja.txt,/Users/abner/Documents/development/sacdia/docs/working/aventureros-especialidades/images/castorcitos-arte-en-esponja.png,952,956,https://www.guiasmayores.com/especialidades-de-castorcitos.html,https://www.guiasmayores.com/uploads/1/1/3/1/1131412/dna_-_arte_en_esponja.pdf,https://www.guiasmayores.com/uploads/1/1/3/1/1131412/arte-en-esponja_orig.png,
castorcitos-aves,Aves,Castorcito (jardín de infantes),jardin,Asociación General,pdf,7,/Users/abner/Documents/development/sacdia/docs/working/aventureros-especialidades/pdf/castorcitos-aves.pdf,/Users/abner/Documents/development/sacdia/docs/working/aventureros-especialidades/md/castorcitos-aves.md,/Users/abner/Documents/development/sacdia/docs/working/aventureros-especialidades/raw/castorcitos-aves.txt,/Users/abner/Documents/development/sacdia/docs/working/aventureros-especialidades/images/castorcitos-aves.png,971,974,https://www.guiasmayores.com/especialidades-de-castorcitos.html,https://www.guiasmayores.com/uploads/1/1/3/1/1131412/dna-aves.pdf,https://www.guiasmayores.com/uploads/1/1/3/1/1131412/aves_orig.png,
castorcitos-ayudando-en-el-hogar,Ayudando en el hogar,Castorcito (jardín de infantes),jardin,Asociación General,pdf,5,/Users/abner/Documents/development/sacdia/docs/working/aventureros-especialidades/pdf/castorcitos-ayudando-en-el-hogar.pdf,/Users/abner/Documents/development/sacdia/docs/working/aventureros-especialidades/md/castorcitos-ayudando-en-el-hogar.md,/Users/abner/Documents/development/sacdia/docs/working/aventureros-especialidades/raw/castorcitos-ayudando-en-el-hogar.txt,/Users/abner/Documents/development/sacdia/docs/working/aventureros-especialidades/images/castorcitos-ayudando-en-el-hogar.png,972,974,https://www.guiasmayores.com/especialidades-de-castorcitos.html,https://www.guiasmayores.com/uploads/1/1/3/1/1131412/dna_-_ayudando_en_el_hogar.pdf,https://www.guiasmayores.com/uploads/1/1/3/1/1131412/ayudando-en-el-hogar_orig.png,
castorcitos-conozca-su-cuerpo,Conozca su cuerpo,Castorcito (jardín de infantes),jardin,Asociación General,pdf,7,/Users/abner/Documents/development/sacdia/docs/working/aventureros-especialidades/pdf/castorcitos-conozca-su-cuerpo.pdf,/Users/abner/Documents/development/sacdia/docs/working/aventureros-especialidades/md/castorcitos-conozca-su-cuerpo.md,/Users/abner/Documents/development/sacdia/docs/working/aventureros-especialidades/raw/castorcitos-conozca-su-cuerpo.txt,/Users/abner/Documents/development/sacdia/docs/working/aventureros-especialidades/images/castorcitos-conozca-su-cuerpo.png,965,968,https://www.guiasmayores.com/especialidades-de-castorcitos.html,https://www.guiasmayores.com/uploads/1/1/3/1/1131412/dna_-_conozca_su_cuerpo.pdf,https://www.guiasmayores.com/uploads/1/1/3/1/1131412/conozca-su-cuerpo_orig.png,
castorcitos-crayones-y-marcadores,Crayones y marcadores,Castorcito (jardín de infantes),jardin,Asociación General,pdf,11,/Users/abner/Documents/development/sacdia/docs/working/aventureros-especialidades/pdf/castorcitos-crayones-y-marcadores.pdf,/Users/abner/Documents/development/sacdia/docs/working/aventureros-especialidades/md/castorcitos-crayones-y-marcadores.md,/Users/abner/Documents/development/sacdia/docs/working/aventureros-especialidades/raw/castorcitos-crayones-y-marcadores.txt,/Users/abner/Documents/development/sacdia/docs/working/aventureros-especialidades/images/castorcitos-crayones-y-marcadores.png,942,956,https://www.guiasmayores.com/especialidades-de-castorcitos.html,https://www.guiasmayores.com/uploads/1/1/3/1/1131412/dna_-_crayones_y_marcadores.pdf,https://www.guiasmayores.com/uploads/1/1/3/1/1131412/crayones-y-marcadores_orig.png,
castorcitos-diversion-con-el-alfabeto,Diversión con el alfabeto,Castorcito (jardín de infantes),jardin,Asociación General,pdf,6,/Users/abner/Documents/development/sacdia/docs/working/aventureros-especialidades/pdf/castorcitos-diversion-con-el-alfabeto.pdf,/Users/abner/Documents/development/sacdia/docs/working/aventureros-especialidades/md/castorcitos-diversion-con-el-alfabeto.md,/Users/abner/Documents/development/sacdia/docs/working/aventureros-especialidades/raw/castorcitos-diversion-con-el-alfabeto.txt,/Users/abner/Documents/development/sacdia/docs/working/aventureros-especialidades/images/castorcitos-diversion-con-el-alfabeto.png,976,959,https://www.guiasmayores.com/especialidades-de-castorcitos.html,https://www.guiasmayores.com/uploads/1/1/3/1/1131412/dna_-_diversión_con_el_alfabeto.pdf,https://www.guiasmayores.com/uploads/1/1/3/1/1131412/diversi-n-con-el-alfabeto_orig.png,
castorcitos-diversion-con-modales,Diversión con modales,Castorcito (jardín de infantes),jardin,Asociación General,pdf,4,/Users/abner/Documents/development/sacdia/docs/working/aventureros-especialidades/pdf/castorcitos-diversion-con-modales.pdf,/Users/abner/Documents/development/sacdia/docs/working/aventureros-especialidades/md/castorcitos-diversion-con-modales.md,/Users/abner/Documents/development/sacdia/docs/working/aventureros-especialidades/raw/castorcitos-diversion-con-modales.txt,/Users/abner/Documents/development/sacdia/docs/working/aventureros-especialidades/images/castorcitos-diversion-con-modales.png,965,971,https://www.guiasmayores.com/especialidades-de-castorcitos.html,https://www.guiasmayores.com/uploads/1/1/3/1/1131412/dna_-_diversión_con_modales.pdf,https://www.guiasmayores.com/uploads/1/1/3/1/1131412/diversi-n-con-modales_orig.png,
castorcitos-estrella-de-jesus,Estrella de Jesús,Castorcito (jardín de infantes),jardin,Asociación General,pdf,5,/Users/abner/Documents/development/sacdia/docs/working/aventureros-especialidades/pdf/castorcitos-estrella-de-jesus.pdf,/Users/abner/Documents/development/sacdia/docs/working/aventureros-especialidades/md/castorcitos-estrella-de-jesus.md,/Users/abner/Documents/development/sacdia/docs/working/aventureros-especialidades/raw/castorcitos-estrella-de-jesus.txt,/Users/abner/Documents/development/sacdia/docs/working/aventureros-especialidades/images/castorcitos-estrella-de-jesus.png,967,978,https://www.guiasmayores.com/especialidades-de-castorcitos.html,https://www.guiasmayores.com/uploads/1/1/3/1/1131412/dna_-_la_estrella_de_jesús.pdf,https://www.guiasmayores.com/uploads/1/1/3/1/1131412/estrella-de-jes-s_orig.png,
castorcitos-figuras-y-tamanos,Figuras y tamaños,Castorcito (jardín de infantes),jardin,Asociación General,pdf,7,/Users/abner/Documents/development/sacdia/docs/working/aventureros-especialidades/pdf/castorcitos-figuras-y-tamanos.pdf,/Users/abner/Documents/development/sacdia/docs/working/aventureros-especialidades/md/castorcitos-figuras-y-tamanos.md,/Users/abner/Documents/development/sacdia/docs/working/aventureros-especialidades/raw/castorcitos-figuras-y-tamanos.txt,/Users/abner/Documents/development/sacdia/docs/working/aventureros-especialidades/images/castorcitos-figuras-y-tamanos.png,971,976,https://www.guiasmayores.com/especialidades-de-castorcitos.html,https://www.guiasmayores.com/uploads/1/1/3/1/1131412/dna_-_figuras_y_tamaños.pdf,https://www.guiasmayores.com/uploads/1/1/3/1/1131412/figuras-y-tama-os_orig.png,
castorcitos-hogares-de-animales,Hogares de animales,Castorcito (jardín de infantes),jardin,Asociación General,pdf,5,/Users/abner/Documents/development/sacdia/docs/working/aventureros-especialidades/pdf/castorcitos-hogares-de-animales.pdf,/Users/abner/Documents/development/sacdia/docs/working/aventureros-especialidades/md/castorcitos-hogares-de-animales.md,/Users/abner/Documents/development/sacdia/docs/working/aventureros-especialidades/raw/castorcitos-hogares-de-animales.txt,/Users/abner/Documents/development/sacdia/docs/working/aventureros-especialidades/images/castorcitos-hogares-de-animales.png,953,957,https://www.guiasmayores.com/especialidades-de-castorcitos.html,https://www.guiasmayores.com/uploads/1/1/3/1/1131412/dna_-_hogares_de_animales.pdf,https://www.guiasmayores.com/uploads/1/1/3/1/1131412/hogares-de-animales_orig.png,
castorcitos-izquierda-y-derecha,Izquierda y derecha,Castorcito (jardín de infantes),jardin,Asociación General,pdf,11,/Users/abner/Documents/development/sacdia/docs/working/aventureros-especialidades/pdf/castorcitos-izquierda-y-derecha.pdf,/Users/abner/Documents/development/sacdia/docs/working/aventureros-especialidades/md/castorcitos-izquierda-y-derecha.md,/Users/abner/Documents/development/sacdia/docs/working/aventureros-especialidades/raw/castorcitos-izquierda-y-derecha.txt,/Users/abner/Documents/development/sacdia/docs/working/aventureros-especialidades/images/castorcitos-izquierda-y-derecha.png,968,976,https://www.guiasmayores.com/especialidades-de-castorcitos.html,https://www.guiasmayores.com/uploads/1/1/3/1/1131412/dna_-_izquierda_y_derecha.pdf,https://www.guiasmayores.com/uploads/1/1/3/1/1131412/izquierda-y-derecha_orig.png,
castorcitos-juguetes,Juguetes,Castorcito (jardín de infantes),jardin,Asociación General,pdf,9,/Users/abner/Documents/development/sacdia/docs/working/aventureros-especialidades/pdf/castorcitos-juguetes.pdf,/Users/abner/Documents/development/sacdia/docs/working/aventureros-especialidades/md/castorcitos-juguetes.md,/Users/abner/Documents/development/sacdia/docs/working/aventureros-especialidades/raw/castorcitos-juguetes.txt,/Users/abner/Documents/development/sacdia/docs/working/aventureros-especialidades/images/castorcitos-juguetes.png,935,944,https://www.guiasmayores.com/especialidades-de-castorcitos.html,https://www.guiasmayores.com/uploads/1/1/3/1/1131412/dna-juguetes.pdf,https://www.guiasmayores.com/uploads/1/1/3/1/1131412/juguetes_orig.png,
castorcitos-mascotas,Mascotas,Castorcito (jardín de infantes),jardin,Asociación General,pdf,6,/Users/abner/Documents/development/sacdia/docs/working/aventureros-especialidades/pdf/castorcitos-mascotas.pdf,/Users/abner/Documents/development/sacdia/docs/working/aventureros-especialidades/md/castorcitos-mascotas.md,/Users/abner/Documents/development/sacdia/docs/working/aventureros-especialidades/raw/castorcitos-mascotas.txt,/Users/abner/Documents/development/sacdia/docs/working/aventureros-especialidades/images/castorcitos-mascotas.png,949,970,https://www.guiasmayores.com/especialidades-de-castorcitos.html,https://www.guiasmayores.com/uploads/1/1/3/1/1131412/dna-mascotas.pdf,https://www.guiasmayores.com/uploads/1/1/3/1/1131412/pets_orig.png,
castorcitos-medidas-y-arena,Medidas y arena,Castorcito (jardín de infantes),jardin,Asociación General,pdf,5,/Users/abner/Documents/development/sacdia/docs/working/aventureros-especialidades/pdf/castorcitos-medidas-y-arena.pdf,/Users/abner/Documents/development/sacdia/docs/working/aventureros-especialidades/md/castorcitos-medidas-y-arena.md,/Users/abner/Documents/development/sacdia/docs/working/aventureros-especialidades/raw/castorcitos-medidas-y-arena.txt,/Users/abner/Documents/development/sacdia/docs/working/aventureros-especialidades/images/castorcitos-medidas-y-arena.png,949,965,https://www.guiasmayores.com/especialidades-de-castorcitos.html,https://www.guiasmayores.com/uploads/1/1/3/1/1131412/dna_-_medidas_y_arena.pdf,https://www.guiasmayores.com/uploads/1/1/3/1/1131412/medidas-y-arena_orig.png,
castorcitos-mis-amigos-de-la-comunidad,Mis amigos de la comunidad,Castorcito (jardín de infantes),jardin,Asociación General,pdf,12,/Users/abner/Documents/development/sacdia/docs/working/aventureros-especialidades/pdf/castorcitos-mis-amigos-de-la-comunidad.pdf,/Users/abner/Documents/development/sacdia/docs/working/aventureros-especialidades/md/castorcitos-mis-amigos-de-la-comunidad.md,/Users/abner/Documents/development/sacdia/docs/working/aventureros-especialidades/raw/castorcitos-mis-amigos-de-la-comunidad.txt,/Users/abner/Documents/development/sacdia/docs/working/aventureros-especialidades/images/castorcitos-mis-amigos-de-la-comunidad.png,949,953,https://www.guiasmayores.com/especialidades-de-castorcitos.html,https://www.guiasmayores.com/uploads/1/1/3/1/1131412/dna_-_mis_amigos_de_la_comunidad.pdf,https://www.guiasmayores.com/uploads/1/1/3/1/1131412/mis-amigos-de-la-comunidad_orig.png,
castorcitos-el-mundo-de-dios,El mundo de Dios,Castorcito (jardín de infantes),jardin,Asociación General,pdf,11,/Users/abner/Documents/development/sacdia/docs/working/aventureros-especialidades/pdf/castorcitos-el-mundo-de-dios.pdf,/Users/abner/Documents/development/sacdia/docs/working/aventureros-especialidades/md/castorcitos-el-mundo-de-dios.md,/Users/abner/Documents/development/sacdia/docs/working/aventureros-especialidades/raw/castorcitos-el-mundo-de-dios.txt,/Users/abner/Documents/development/sacdia/docs/working/aventureros-especialidades/images/castorcitos-el-mundo-de-dios.png,958,963,https://www.guiasmayores.com/especialidades-de-castorcitos.html,https://www.guiasmayores.com/uploads/1/1/3/1/1131412/dna_-_el_mundo_de_dios.pdf,https://www.guiasmayores.com/uploads/1/1/3/1/1131412/el-mundo-de-dios_orig.png,
castorcitos-principiante-de-ciclismo,Principiante de ciclismo,Castorcito (jardín de infantes),jardin,Asociación General,pdf,10,/Users/abner/Documents/development/sacdia/docs/working/aventureros-especialidades/pdf/castorcitos-principiante-de-ciclismo.pdf,/Users/abner/Documents/development/sacdia/docs/working/aventureros-especialidades/md/castorcitos-principiante-de-ciclismo.md,/Users/abner/Documents/development/sacdia/docs/working/aventureros-especialidades/raw/castorcitos-principiante-de-ciclismo.txt,/Users/abner/Documents/development/sacdia/docs/working/aventureros-especialidades/images/castorcitos-principiante-de-ciclismo.png,970,972,https://www.guiasmayores.com/especialidades-de-castorcitos.html,https://www.guiasmayores.com/uploads/1/1/3/1/1131412/dna_-_principiante_de_ciclismo.pdf,https://www.guiasmayores.com/uploads/1/1/3/1/1131412/principiante-de-ciclismo_orig.png,
castorcitos-principiante-de-natacion,Principiante de natación,Castorcito (jardín de infantes),jardin,Asociación General,pdf,6,/Users/abner/Documents/development/sacdia/docs/working/aventureros-especialidades/pdf/castorcitos-principiante-de-natacion.pdf,/Users/abner/Documents/development/sacdia/docs/working/aventureros-especialidades/md/castorcitos-principiante-de-natacion.md,/Users/abner/Documents/development/sacdia/docs/working/aventureros-especialidades/raw/castorcitos-principiante-de-natacion.txt,/Users/abner/Documents/development/sacdia/docs/working/aventureros-especialidades/images/castorcitos-principiante-de-natacion.png,961,953,https://www.guiasmayores.com/especialidades-de-castorcitos.html,https://www.guiasmayores.com/uploads/1/1/3/1/1131412/dna_-_principiante_de_natación.pdf,https://www.guiasmayores.com/uploads/1/1/3/1/1131412/principiante-de-nataci-n_orig.png,
castorcitos-rompecabezas,Rompecabezas,Castorcito (jardín de infantes),jardin,Asociación General,pdf,4,/Users/abner/Documents/development/sacdia/docs/working/aventureros-especialidades/pdf/castorcitos-rompecabezas.pdf,/Users/abner/Documents/development/sacdia/docs/working/aventureros-especialidades/md/castorcitos-rompecabezas.md,/Users/abner/Documents/development/sacdia/docs/working/aventureros-especialidades/raw/castorcitos-rompecabezas.txt,/Users/abner/Documents/development/sacdia/docs/working/aventureros-especialidades/images/castorcitos-rompecabezas.png,959,978,https://www.guiasmayores.com/especialidades-de-castorcitos.html,https://www.guiasmayores.com/uploads/1/1/3/1/1131412/dna-rompecabezas.pdf,https://www.guiasmayores.com/uploads/1/1/3/1/1131412/rompecabezas_orig.png,
castorcitos-seguridad-ante-incendios,Seguridad ante incendios,Castorcito (jardín de infantes),jardin,Asociación General,pdf,10,/Users/abner/Documents/development/sacdia/docs/working/aventureros-especialidades/pdf/castorcitos-seguridad-ante-incendios.pdf,/Users/abner/Documents/development/sacdia/docs/working/aventureros-especialidades/md/castorcitos-seguridad-ante-incendios.md,/Users/abner/Documents/development/sacdia/docs/working/aventureros-especialidades/raw/castorcitos-seguridad-ante-incendios.txt,/Users/abner/Documents/development/sacdia/docs/working/aventureros-especialidades/images/castorcitos-seguridad-ante-incendios.png,974,978,https://www.guiasmayores.com/especialidades-de-castorcitos.html,https://www.guiasmayores.com/uploads/1/1/3/1/1131412/dna_-_seguridad_ante_incendios.pdf,https://www.guiasmayores.com/uploads/1/1/3/1/1131412/seguridad-ante-incendios_orig.png,
castorcitos-tesoro-escondido,Tesoro escondido,Castorcito (jardín de infantes),jardin,Asociación General,pdf,5,/Users/abner/Documents/development/sacdia/docs/working/aventureros-especialidades/pdf/castorcitos-tesoro-escondido.pdf,/Users/abner/Documents/development/sacdia/docs/working/aventureros-especialidades/md/castorcitos-tesoro-escondido.md,/Users/abner/Documents/development/sacdia/docs/working/aventureros-especialidades/raw/castorcitos-tesoro-escondido.txt,/Users/abner/Documents/development/sacdia/docs/working/aventureros-especialidades/images/castorcitos-tesoro-escondido.png,946,963,https://www.guiasmayores.com/especialidades-de-castorcitos.html,https://www.guiasmayores.com/uploads/1/1/3/1/1131412/dna_-_tesoro_escondido.pdf,https://www.guiasmayores.com/uploads/1/1/3/1/1131412/tesoro-escondido_orig.png,
abejita-industriosa-amigo-de-los-animales,Amigo de los animales,Abejita Industriosa,grado-1,Grado 1 - Abejita Industriosa,pdf,8,/Users/abner/Documents/development/sacdia/docs/working/aventureros-especialidades/pdf/abejita-industriosa-amigo-de-los-animales.pdf,/Users/abner/Documents/development/sacdia/docs/working/aventureros-especialidades/md/abejita-industriosa-amigo-de-los-animales.md,/Users/abner/Documents/development/sacdia/docs/working/aventureros-especialidades/raw/abejita-industriosa-amigo-de-los-animales.txt,/Users/abner/Documents/development/sacdia/docs/working/aventureros-especialidades/images/abejita-industriosa-amigo-de-los-animales.png,786,562,https://www.guiasmayores.com/especialidades---grado-1.html,https://www.guiasmayores.com/uploads/1/1/3/1/1131412/av_-_amigo_de_los_animales.pdf,https://www.guiasmayores.com/uploads/1/1/3/1/1131412/8149612_orig.png,
abejita-industriosa-arena,Arena,Abejita Industriosa,grado-1,Grado 1 - Abejita Industriosa,pdf,8,/Users/abner/Documents/development/sacdia/docs/working/aventureros-especialidades/pdf/abejita-industriosa-arena.pdf,/Users/abner/Documents/development/sacdia/docs/working/aventureros-especialidades/md/abejita-industriosa-arena.md,/Users/abner/Documents/development/sacdia/docs/working/aventureros-especialidades/raw/abejita-industriosa-arena.txt,/Users/abner/Documents/development/sacdia/docs/working/aventureros-especialidades/images/abejita-industriosa-arena.png,791,575,https://www.guiasmayores.com/especialidades---grado-1.html,https://www.guiasmayores.com/uploads/1/1/3/1/1131412/av_-_arena.pdf,https://www.guiasmayores.com/uploads/1/1/3/1/1131412/3100753_orig.png,
abejita-industriosa-artista,Artista,Abejita Industriosa,grado-1,Grado 1 - Abejita Industriosa,pdf,6,/Users/abner/Documents/development/sacdia/docs/working/aventureros-especialidades/pdf/abejita-industriosa-artista.pdf,/Users/abner/Documents/development/sacdia/docs/working/aventureros-especialidades/md/abejita-industriosa-artista.md,/Users/abner/Documents/development/sacdia/docs/working/aventureros-especialidades/raw/abejita-industriosa-artista.txt,/Users/abner/Documents/development/sacdia/docs/working/aventureros-especialidades/images/abejita-industriosa-artista.png,832,576,https://www.guiasmayores.com/especialidades---grado-1.html,https://www.guiasmayores.com/uploads/1/1/3/1/1131412/av_-_artista.pdf,https://www.guiasmayores.com/uploads/1/1/3/1/1131412/9581603_orig.png,
abejita-industriosa-ayudante-en-el-hogar,Ayudante en el hogar,Abejita Industriosa,grado-1,Grado 1 - Abejita Industriosa,pdf,7,/Users/abner/Documents/development/sacdia/docs/working/aventureros-especialidades/pdf/abejita-industriosa-ayudante-en-el-hogar.pdf,/Users/abner/Documents/development/sacdia/docs/working/aventureros-especialidades/md/abejita-industriosa-ayudante-en-el-hogar.md,/Users/abner/Documents/development/sacdia/docs/working/aventureros-especialidades/raw/abejita-industriosa-ayudante-en-el-hogar.txt,/Users/abner/Documents/development/sacdia/docs/working/aventureros-especialidades/images/abejita-industriosa-ayudante-en-el-hogar.png,790,558,https://www.guiasmayores.com/especialidades---grado-1.html,https://www.guiasmayores.com/uploads/1/1/3/1/1131412/av_-_ayudante_en_el_hogar.pdf,https://www.guiasmayores.com/uploads/1/1/3/1/1131412/6499132_orig.png,
abejita-industriosa-botones,Botones,Abejita Industriosa,grado-1,Grado 1 - Abejita Industriosa,pdf,6,/Users/abner/Documents/development/sacdia/docs/working/aventureros-especialidades/pdf/abejita-industriosa-botones.pdf,/Users/abner/Documents/development/sacdia/docs/working/aventureros-especialidades/md/abejita-industriosa-botones.md,/Users/abner/Documents/development/sacdia/docs/working/aventureros-especialidades/raw/abejita-industriosa-botones.txt,/Users/abner/Documents/development/sacdia/docs/working/aventureros-especialidades/images/abejita-industriosa-botones.png,784,574,https://www.guiasmayores.com/especialidades---grado-1.html,https://www.guiasmayores.com/uploads/1/1/3/1/1131412/av_-_botones.pdf,https://www.guiasmayores.com/uploads/1/1/3/1/1131412/3843931_orig.png,
abejita-industriosa-especialista-de-seguridad,Especialista de seguridad,Abejita Industriosa,grado-1,Grado 1 - Abejita Industriosa,pdf,7,/Users/abner/Documents/development/sacdia/docs/working/aventureros-especialidades/pdf/abejita-industriosa-especialista-de-seguridad.pdf,/Users/abner/Documents/development/sacdia/docs/working/aventureros-especialidades/md/abejita-industriosa-especialista-de-seguridad.md,/Users/abner/Documents/development/sacdia/docs/working/aventureros-especialidades/raw/abejita-industriosa-especialista-de-seguridad.txt,/Users/abner/Documents/development/sacdia/docs/working/aventureros-especialidades/images/abejita-industriosa-especialista-de-seguridad.png,786,560,https://www.guiasmayores.com/especialidades---grado-1.html,https://www.guiasmayores.com/uploads/1/1/3/1/1131412/av_-_especialista_de_seguridad.pdf,https://www.guiasmayores.com/uploads/1/1/3/1/1131412/1564372_orig.png,
abejita-industriosa-especialista-en-salud,Especialista en salud,Abejita Industriosa,grado-1,Grado 1 - Abejita Industriosa,pdf,9,/Users/abner/Documents/development/sacdia/docs/working/aventureros-especialidades/pdf/abejita-industriosa-especialista-en-salud.pdf,/Users/abner/Documents/development/sacdia/docs/working/aventureros-especialidades/md/abejita-industriosa-especialista-en-salud.md,/Users/abner/Documents/development/sacdia/docs/working/aventureros-especialidades/raw/abejita-industriosa-especialista-en-salud.txt,/Users/abner/Documents/development/sacdia/docs/working/aventureros-especialidades/images/abejita-industriosa-especialista-en-salud.png,786,558,https://www.guiasmayores.com/especialidades---grado-1.html,https://www.guiasmayores.com/uploads/1/1/3/1/1131412/av_-_especialista_en_salud.pdf,https://www.guiasmayores.com/uploads/1/1/3/1/1131412/7683936_orig.png,
abejita-industriosa-estudiante-de-biblia-i,Estudiante de Biblia I,Abejita Industriosa,grado-1,Grado 1 - Abejita Industriosa,pdf,7,/Users/abner/Documents/development/sacdia/docs/working/aventureros-especialidades/pdf/abejita-industriosa-estudiante-de-biblia-i.pdf,/Users/abner/Documents/development/sacdia/docs/working/aventureros-especialidades/md/abejita-industriosa-estudiante-de-biblia-i.md,/Users/abner/Documents/development/sacdia/docs/working/aventureros-especialidades/raw/abejita-industriosa-estudiante-de-biblia-i.txt,/Users/abner/Documents/development/sacdia/docs/working/aventureros-especialidades/images/abejita-industriosa-estudiante-de-biblia-i.png,750,534,https://www.guiasmayores.com/especialidades---grado-1.html,https://www.guiasmayores.com/uploads/1/1/3/1/1131412/av_-_biblia_i.pdf,https://www.guiasmayores.com/uploads/1/1/3/1/1131412/4054290_orig.png,
abejita-industriosa-flores,Flores,Abejita Industriosa,grado-1,Grado 1 - Abejita Industriosa,pdf,7,/Users/abner/Documents/development/sacdia/docs/working/aventureros-especialidades/pdf/abejita-industriosa-flores.pdf,/Users/abner/Documents/development/sacdia/docs/working/aventureros-especialidades/md/abejita-industriosa-flores.md,/Users/abner/Documents/development/sacdia/docs/working/aventureros-especialidades/raw/abejita-industriosa-flores.txt,/Users/abner/Documents/development/sacdia/docs/working/aventureros-especialidades/images/abejita-industriosa-flores.png,783,549,https://www.guiasmayores.com/especialidades---grado-1.html,https://www.guiasmayores.com/uploads/1/1/3/1/1131412/av_-_flores.pdf,https://www.guiasmayores.com/uploads/1/1/3/1/1131412/3714949_orig.png,
abejita-industriosa-guia,Guía,Abejita Industriosa,grado-1,Grado 1 - Abejita Industriosa,pdf,6,/Users/abner/Documents/development/sacdia/docs/working/aventureros-especialidades/pdf/abejita-industriosa-guia.pdf,/Users/abner/Documents/development/sacdia/docs/working/aventureros-especialidades/md/abejita-industriosa-guia.md,/Users/abner/Documents/development/sacdia/docs/working/aventureros-especialidades/raw/abejita-industriosa-guia.txt,/Users/abner/Documents/development/sacdia/docs/working/aventureros-especialidades/images/abejita-industriosa-guia.png,783,557,https://www.guiasmayores.com/especialidades---grado-1.html,https://www.guiasmayores.com/uploads/1/1/3/1/1131412/av_-_guía.pdf,https://www.guiasmayores.com/uploads/1/1/3/1/1131412/2840389_orig.png,
abejita-industriosa-lectura-i,Lectura I,Abejita Industriosa,grado-1,Grado 1 - Abejita Industriosa,html,2,,/Users/abner/Documents/development/sacdia/docs/working/aventureros-especialidades/md/abejita-industriosa-lectura-i.md,/Users/abner/Documents/development/sacdia/docs/working/aventureros-especialidades/raw/abejita-industriosa-lectura-i.txt,/Users/abner/Documents/development/sacdia/docs/working/aventureros-especialidades/images/abejita-industriosa-lectura-i.png,780,560,https://www.guiasmayores.com/especialidades---grado-1.html,https://www.guiasmayores.com/lectura-de-abejita-industriosa.html,https://www.guiasmayores.com/uploads/1/1/3/1/1131412/3346422_orig.png,
abejita-industriosa-mariposas,Mariposas,Abejita Industriosa,grado-1,Grado 1 - Abejita Industriosa,pdf,6,/Users/abner/Documents/development/sacdia/docs/working/aventureros-especialidades/pdf/abejita-industriosa-mariposas.pdf,/Users/abner/Documents/development/sacdia/docs/working/aventureros-especialidades/md/abejita-industriosa-mariposas.md,/Users/abner/Documents/development/sacdia/docs/working/aventureros-especialidades/raw/abejita-industriosa-mariposas.txt,/Users/abner/Documents/development/sacdia/docs/working/aventureros-especialidades/images/abejita-industriosa-mariposas.png,772,552,https://www.guiasmayores.com/especialidades---grado-1.html,https://www.guiasmayores.com/uploads/1/1/3/1/1131412/av_-_mariposas.pdf,https://www.guiasmayores.com/uploads/1/1/3/1/1131412/9545907_orig.png,
abejita-industriosa-musico,Músico,Abejita Industriosa,grado-1,Grado 1 - Abejita Industriosa,pdf,7,/Users/abner/Documents/development/sacdia/docs/working/aventureros-especialidades/pdf/abejita-industriosa-musico.pdf,/Users/abner/Documents/development/sacdia/docs/working/aventureros-especialidades/md/abejita-industriosa-musico.md,/Users/abner/Documents/development/sacdia/docs/working/aventureros-especialidades/raw/abejita-industriosa-musico.txt,/Users/abner/Documents/development/sacdia/docs/working/aventureros-especialidades/images/abejita-industriosa-musico.png,792,560,https://www.guiasmayores.com/especialidades---grado-1.html,https://www.guiasmayores.com/uploads/1/1/3/1/1131412/av_-_músico.pdf,https://www.guiasmayores.com/uploads/1/1/3/1/1131412/1896843_orig.png,
abejita-industriosa-nadador-i,Nadador I,Abejita Industriosa,grado-1,Grado 1 - Abejita Industriosa,pdf,15,/Users/abner/Documents/development/sacdia/docs/working/aventureros-especialidades/pdf/abejita-industriosa-nadador-i.pdf,/Users/abner/Documents/development/sacdia/docs/working/aventureros-especialidades/md/abejita-industriosa-nadador-i.md,/Users/abner/Documents/development/sacdia/docs/working/aventureros-especialidades/raw/abejita-industriosa-nadador-i.txt,/Users/abner/Documents/development/sacdia/docs/working/aventureros-especialidades/images/abejita-industriosa-nadador-i.png,782,550,https://www.guiasmayores.com/especialidades---grado-1.html,https://www.guiasmayores.com/uploads/1/1/3/1/1131412/av_-_nadador_i.pdf,https://www.guiasmayores.com/uploads/1/1/3/1/1131412/3580002_orig.png,
abejita-industriosa-observador,Observador,Abejita Industriosa,grado-1,Grado 1 - Abejita Industriosa,pdf,7,/Users/abner/Documents/development/sacdia/docs/working/aventureros-especialidades/pdf/abejita-industriosa-observador.pdf,/Users/abner/Documents/development/sacdia/docs/working/aventureros-especialidades/md/abejita-industriosa-observador.md,/Users/abner/Documents/development/sacdia/docs/working/aventureros-especialidades/raw/abejita-industriosa-observador.txt,/Users/abner/Documents/development/sacdia/docs/working/aventureros-especialidades/images/abejita-industriosa-observador.png,786,552,https://www.guiasmayores.com/especialidades---grado-1.html,https://www.guiasmayores.com/uploads/1/1/3/1/1131412/av_-_observador.pdf,https://www.guiasmayores.com/uploads/1/1/3/1/1131412/7949656_orig.png,
abejita-industriosa-papas,Papas,Abejita Industriosa,grado-1,Grado 1 - Abejita Industriosa,pdf,7,/Users/abner/Documents/development/sacdia/docs/working/aventureros-especialidades/pdf/abejita-industriosa-papas.pdf,/Users/abner/Documents/development/sacdia/docs/working/aventureros-especialidades/md/abejita-industriosa-papas.md,/Users/abner/Documents/development/sacdia/docs/working/aventureros-especialidades/raw/abejita-industriosa-papas.txt,/Users/abner/Documents/development/sacdia/docs/working/aventureros-especialidades/images/abejita-industriosa-papas.png,669,504,https://www.guiasmayores.com/especialidades---grado-1.html,https://www.guiasmayores.com/uploads/1/1/3/1/1131412/av_-_papas.pdf,https://www.guiasmayores.com/uploads/1/1/3/1/1131412/potatoe_orig.png,
abejita-industriosa-peces,Peces,Abejita Industriosa,grado-1,Grado 1 - Abejita Industriosa,pdf,5,/Users/abner/Documents/development/sacdia/docs/working/aventureros-especialidades/pdf/abejita-industriosa-peces.pdf,/Users/abner/Documents/development/sacdia/docs/working/aventureros-especialidades/md/abejita-industriosa-peces.md,/Users/abner/Documents/development/sacdia/docs/working/aventureros-especialidades/raw/abejita-industriosa-peces.txt,/Users/abner/Documents/development/sacdia/docs/working/aventureros-especialidades/images/abejita-industriosa-peces.png,911,639,https://www.guiasmayores.com/especialidades---grado-1.html,https://www.guiasmayores.com/uploads/1/1/3/1/1131412/av_--_peces.pdf,https://www.guiasmayores.com/uploads/1/1/3/1/1131412/417588_orig.png,
rayito-de-sol-acampante,Acampante,Rayito de Sol,grado-2,Grado 2 - Rayito de Sol,pdf,7,/Users/abner/Documents/development/sacdia/docs/working/aventureros-especialidades/pdf/rayito-de-sol-acampante.pdf,/Users/abner/Documents/development/sacdia/docs/working/aventureros-especialidades/md/rayito-de-sol-acampante.md,/Users/abner/Documents/development/sacdia/docs/working/aventureros-especialidades/raw/rayito-de-sol-acampante.txt,/Users/abner/Documents/development/sacdia/docs/working/aventureros-especialidades/images/rayito-de-sol-acampante.png,786,566,https://www.guiasmayores.com/especialidades---grado-2.html,https://www.guiasmayores.com/uploads/1/1/3/1/1131412/av_-_acampante.pdf,https://www.guiasmayores.com/uploads/1/1/3/1/1131412/4502736_orig.png,
rayito-de-sol-actos-de-bondad,Actos de bondad,Rayito de Sol,grado-2,Grado 2 - Rayito de Sol,pdf,6,/Users/abner/Documents/development/sacdia/docs/working/aventureros-especialidades/pdf/rayito-de-sol-actos-de-bondad.pdf,/Users/abner/Documents/development/sacdia/docs/working/aventureros-especialidades/md/rayito-de-sol-actos-de-bondad.md,/Users/abner/Documents/development/sacdia/docs/working/aventureros-especialidades/raw/rayito-de-sol-actos-de-bondad.txt,/Users/abner/Documents/development/sacdia/docs/working/aventureros-especialidades/images/rayito-de-sol-actos-de-bondad.png,697,477,https://www.guiasmayores.com/especialidades---grado-2.html,https://www.guiasmayores.com/uploads/1/1/3/1/1131412/av_-_actos_de_bondad.pdf,https://www.guiasmayores.com/uploads/1/1/3/1/1131412/6879539_orig.png,
rayito-de-sol-amigo-de-jesus,Amigo de Jesús,Rayito de Sol,grado-2,Grado 2 - Rayito de Sol,pdf,10,/Users/abner/Documents/development/sacdia/docs/working/aventureros-especialidades/pdf/rayito-de-sol-amigo-de-jesus.pdf,/Users/abner/Documents/development/sacdia/docs/working/aventureros-especialidades/md/rayito-de-sol-amigo-de-jesus.md,/Users/abner/Documents/development/sacdia/docs/working/aventureros-especialidades/raw/rayito-de-sol-amigo-de-jesus.txt,/Users/abner/Documents/development/sacdia/docs/working/aventureros-especialidades/images/rayito-de-sol-amigo-de-jesus.png,788,570,https://www.guiasmayores.com/especialidades---grado-2.html,https://www.guiasmayores.com/uploads/1/1/3/1/1131412/av_-_amigo_de_jesús.pdf,https://www.guiasmayores.com/uploads/1/1/3/1/1131412/1652956_orig.png,
rayito-de-sol-amigo-de-la-naturaleza,Amigo de la naturaleza,Rayito de Sol,grado-2,Grado 2 - Rayito de Sol,pdf,8,/Users/abner/Documents/development/sacdia/docs/working/aventureros-especialidades/pdf/rayito-de-sol-amigo-de-la-naturaleza.pdf,/Users/abner/Documents/development/sacdia/docs/working/aventureros-especialidades/md/rayito-de-sol-amigo-de-la-naturaleza.md,/Users/abner/Documents/development/sacdia/docs/working/aventureros-especialidades/raw/rayito-de-sol-amigo-de-la-naturaleza.txt,/Users/abner/Documents/development/sacdia/docs/working/aventureros-especialidades/images/rayito-de-sol-amigo-de-la-naturaleza.png,788,554,https://www.guiasmayores.com/especialidades---grado-2.html,https://www.guiasmayores.com/uploads/1/1/3/1/1131412/av_-_amigo_de_la_naturaleza.pdf,https://www.guiasmayores.com/uploads/1/1/3/1/1131412/7328242_orig.png,
rayito-de-sol-arboles,Árboles,Rayito de Sol,grado-2,Grado 2 - Rayito de Sol,pdf,8,/Users/abner/Documents/development/sacdia/docs/working/aventureros-especialidades/pdf/rayito-de-sol-arboles.pdf,/Users/abner/Documents/development/sacdia/docs/working/aventureros-especialidades/md/rayito-de-sol-arboles.md,/Users/abner/Documents/development/sacdia/docs/working/aventureros-especialidades/raw/rayito-de-sol-arboles.txt,/Users/abner/Documents/development/sacdia/docs/working/aventureros-especialidades/images/rayito-de-sol-arboles.png,799,563,https://www.guiasmayores.com/especialidades---grado-2.html,https://www.guiasmayores.com/uploads/1/1/3/1/1131412/av_-_Árboles.pdf,https://www.guiasmayores.com/uploads/1/1/3/1/1131412/3862308_orig.png,
rayito-de-sol-artesania,Artesanía,Rayito de Sol,grado-2,Grado 2 - Rayito de Sol,pdf,3,/Users/abner/Documents/development/sacdia/docs/working/aventureros-especialidades/pdf/rayito-de-sol-artesania.pdf,/Users/abner/Documents/development/sacdia/docs/working/aventureros-especialidades/md/rayito-de-sol-artesania.md,/Users/abner/Documents/development/sacdia/docs/working/aventureros-especialidades/raw/rayito-de-sol-artesania.txt,/Users/abner/Documents/development/sacdia/docs/working/aventureros-especialidades/images/rayito-de-sol-artesania.png,794,568,https://www.guiasmayores.com/especialidades---grado-2.html,https://www.guiasmayores.com/uploads/1/1/3/1/1131412/av_-_artesanía.pdf,https://www.guiasmayores.com/uploads/1/1/3/1/1131412/6466364_orig.png,
rayito-de-sol-ballenas,Ballenas,Rayito de Sol,grado-2,Grado 2 - Rayito de Sol,pdf,7,/Users/abner/Documents/development/sacdia/docs/working/aventureros-especialidades/pdf/rayito-de-sol-ballenas.pdf,/Users/abner/Documents/development/sacdia/docs/working/aventureros-especialidades/md/rayito-de-sol-ballenas.md,/Users/abner/Documents/development/sacdia/docs/working/aventureros-especialidades/raw/rayito-de-sol-ballenas.txt,/Users/abner/Documents/development/sacdia/docs/working/aventureros-especialidades/images/rayito-de-sol-ballenas.png,766,544,https://www.guiasmayores.com/especialidades---grado-2.html,https://www.guiasmayores.com/uploads/1/1/3/1/1131412/av_-_ballenas.pdf,https://www.guiasmayores.com/uploads/1/1/3/1/1131412/1348727_orig.png,
rayito-de-sol-cocinero,Cocinero,Rayito de Sol,grado-2,Grado 2 - Rayito de Sol,pdf,7,/Users/abner/Documents/development/sacdia/docs/working/aventureros-especialidades/pdf/rayito-de-sol-cocinero.pdf,/Users/abner/Documents/development/sacdia/docs/working/aventureros-especialidades/md/rayito-de-sol-cocinero.md,/Users/abner/Documents/development/sacdia/docs/working/aventureros-especialidades/raw/rayito-de-sol-cocinero.txt,/Users/abner/Documents/development/sacdia/docs/working/aventureros-especialidades/images/rayito-de-sol-cocinero.png,784,562,https://www.guiasmayores.com/especialidades---grado-2.html,https://www.guiasmayores.com/uploads/1/1/3/1/1131412/av_-_cocinero.pdf,https://www.guiasmayores.com/uploads/1/1/3/1/1131412/4762386_orig.png,
rayito-de-sol-coleccionista,Coleccionista,Rayito de Sol,grado-2,Grado 2 - Rayito de Sol,pdf,6,/Users/abner/Documents/development/sacdia/docs/working/aventureros-especialidades/pdf/rayito-de-sol-coleccionista.pdf,/Users/abner/Documents/development/sacdia/docs/working/aventureros-especialidades/md/rayito-de-sol-coleccionista.md,/Users/abner/Documents/development/sacdia/docs/working/aventureros-especialidades/raw/rayito-de-sol-coleccionista.txt,/Users/abner/Documents/development/sacdia/docs/working/aventureros-especialidades/images/rayito-de-sol-coleccionista.png,783,565,https://www.guiasmayores.com/especialidades---grado-2.html,https://www.guiasmayores.com/uploads/1/1/3/1/1131412/av_-_coleccionista.pdf,https://www.guiasmayores.com/uploads/1/1/3/1/1131412/4908402_orig.png,
rayito-de-sol-cortesia,Cortesía,Rayito de Sol,grado-2,Grado 2 - Rayito de Sol,pdf,6,/Users/abner/Documents/development/sacdia/docs/working/aventureros-especialidades/pdf/rayito-de-sol-cortesia.pdf,/Users/abner/Documents/development/sacdia/docs/working/aventureros-especialidades/md/rayito-de-sol-cortesia.md,/Users/abner/Documents/development/sacdia/docs/working/aventureros-especialidades/raw/rayito-de-sol-cortesia.txt,/Users/abner/Documents/development/sacdia/docs/working/aventureros-especialidades/images/rayito-de-sol-cortesia.png,790,566,https://www.guiasmayores.com/especialidades---grado-2.html,https://www.guiasmayores.com/uploads/1/1/3/1/1131412/av_-_cortesía.pdf,https://www.guiasmayores.com/uploads/1/1/3/1/1131412/3997514_orig.png,
rayito-de-sol-cultura-fisica,Cultura física,Rayito de Sol,grado-2,Grado 2 - Rayito de Sol,pdf,7,/Users/abner/Documents/development/sacdia/docs/working/aventureros-especialidades/pdf/rayito-de-sol-cultura-fisica.pdf,/Users/abner/Documents/development/sacdia/docs/working/aventureros-especialidades/md/rayito-de-sol-cultura-fisica.md,/Users/abner/Documents/development/sacdia/docs/working/aventureros-especialidades/raw/rayito-de-sol-cultura-fisica.txt,/Users/abner/Documents/development/sacdia/docs/working/aventureros-especialidades/images/rayito-de-sol-cultura-fisica.png,784,549,https://www.guiasmayores.com/especialidades---grado-2.html,https://www.guiasmayores.com/uploads/1/1/3/1/1131412/av_-_cultura_física.pdf,https://www.guiasmayores.com/uploads/1/1/3/1/1131412/5402208_orig.png,
rayito-de-sol-encolar,Encolar,Rayito de Sol,grado-2,Grado 2 - Rayito de Sol,pdf,8,/Users/abner/Documents/development/sacdia/docs/working/aventureros-especialidades/pdf/rayito-de-sol-encolar.pdf,/Users/abner/Documents/development/sacdia/docs/working/aventureros-especialidades/md/rayito-de-sol-encolar.md,/Users/abner/Documents/development/sacdia/docs/working/aventureros-especialidades/raw/rayito-de-sol-encolar.txt,/Users/abner/Documents/development/sacdia/docs/working/aventureros-especialidades/images/rayito-de-sol-encolar.png,826,582,https://www.guiasmayores.com/especialidades---grado-2.html,https://www.guiasmayores.com/uploads/1/1/3/1/1131412/av_-_encolar.pdf,https://www.guiasmayores.com/uploads/1/1/3/1/1131412/2125754_orig.png,
rayito-de-sol-esquiador,Esquiador,Rayito de Sol,grado-2,Grado 2 - Rayito de Sol,pdf,5,/Users/abner/Documents/development/sacdia/docs/working/aventureros-especialidades/pdf/rayito-de-sol-esquiador.pdf,/Users/abner/Documents/development/sacdia/docs/working/aventureros-especialidades/md/rayito-de-sol-esquiador.md,/Users/abner/Documents/development/sacdia/docs/working/aventureros-especialidades/raw/rayito-de-sol-esquiador.txt,/Users/abner/Documents/development/sacdia/docs/working/aventureros-especialidades/images/rayito-de-sol-esquiador.png,764,538,https://www.guiasmayores.com/especialidades---grado-2.html,https://www.guiasmayores.com/uploads/1/1/3/1/1131412/av_-_esquiador.pdf,https://www.guiasmayores.com/uploads/1/1/3/1/1131412/5633551_orig.png,
rayito-de-sol-estaciones,Estaciones,Rayito de Sol,grado-2,Grado 2 - Rayito de Sol,pdf,5,/Users/abner/Documents/development/sacdia/docs/working/aventureros-especialidades/pdf/rayito-de-sol-estaciones.pdf,/Users/abner/Documents/development/sacdia/docs/working/aventureros-especialidades/md/rayito-de-sol-estaciones.md,/Users/abner/Documents/development/sacdia/docs/working/aventureros-especialidades/raw/rayito-de-sol-estaciones.txt,/Users/abner/Documents/development/sacdia/docs/working/aventureros-especialidades/images/rayito-de-sol-estaciones.png,851,569,https://www.guiasmayores.com/especialidades---grado-2.html,https://www.guiasmayores.com/uploads/1/1/3/1/1131412/av_-_estaciones.pdf,https://www.guiasmayores.com/uploads/1/1/3/1/1131412/estaciones_orig.png,
rayito-de-sol-hornear,Hornear,Rayito de Sol,grado-2,Grado 2 - Rayito de Sol,pdf,7,/Users/abner/Documents/development/sacdia/docs/working/aventureros-especialidades/pdf/rayito-de-sol-hornear.pdf,/Users/abner/Documents/development/sacdia/docs/working/aventureros-especialidades/md/rayito-de-sol-hornear.md,/Users/abner/Documents/development/sacdia/docs/working/aventureros-especialidades/raw/rayito-de-sol-hornear.txt,/Users/abner/Documents/development/sacdia/docs/working/aventureros-especialidades/images/rayito-de-sol-hornear.png,774,550,https://www.guiasmayores.com/especialidades---grado-2.html,https://www.guiasmayores.com/uploads/1/1/3/1/1131412/av_-_hornear.pdf,https://www.guiasmayores.com/uploads/1/1/3/1/1131412/4898429_orig.png,
rayito-de-sol-huellas-de-animales,Huellas de animales,Rayito de Sol,grado-2,Grado 2 - Rayito de Sol,pdf,6,/Users/abner/Documents/development/sacdia/docs/working/aventureros-especialidades/pdf/rayito-de-sol-huellas-de-animales.pdf,/Users/abner/Documents/development/sacdia/docs/working/aventureros-especialidades/md/rayito-de-sol-huellas-de-animales.md,/Users/abner/Documents/development/sacdia/docs/working/aventureros-especialidades/raw/rayito-de-sol-huellas-de-animales.txt,/Users/abner/Documents/development/sacdia/docs/working/aventureros-especialidades/images/rayito-de-sol-huellas-de-animales.png,1058,786,https://www.guiasmayores.com/especialidades---grado-2.html,https://www.guiasmayores.com/uploads/1/1/3/1/1131412/av_-_huellas_de_animales.pdf,https://www.guiasmayores.com/uploads/1/1/3/1/1131412/huellas-de-animales_orig.png,
rayito-de-sol-jardinero,Jardinero,Rayito de Sol,grado-2,Grado 2 - Rayito de Sol,pdf,8,/Users/abner/Documents/development/sacdia/docs/working/aventureros-especialidades/pdf/rayito-de-sol-jardinero.pdf,/Users/abner/Documents/development/sacdia/docs/working/aventureros-especialidades/md/rayito-de-sol-jardinero.md,/Users/abner/Documents/development/sacdia/docs/working/aventureros-especialidades/raw/rayito-de-sol-jardinero.txt,/Users/abner/Documents/development/sacdia/docs/working/aventureros-especialidades/images/rayito-de-sol-jardinero.png,784,556,https://www.guiasmayores.com/especialidades---grado-2.html,https://www.guiasmayores.com/uploads/1/1/3/1/1131412/av_-_jardinero.pdf,https://www.guiasmayores.com/uploads/1/1/3/1/1131412/1122388_orig.png,
rayito-de-sol-lectura-ii,Lectura II,Rayito de Sol,grado-2,Grado 2 - Rayito de Sol,html,2,,/Users/abner/Documents/development/sacdia/docs/working/aventureros-especialidades/md/rayito-de-sol-lectura-ii.md,/Users/abner/Documents/development/sacdia/docs/working/aventureros-especialidades/raw/rayito-de-sol-lectura-ii.txt,/Users/abner/Documents/development/sacdia/docs/working/aventureros-especialidades/images/rayito-de-sol-lectura-ii.png,786,564,https://www.guiasmayores.com/especialidades---grado-2.html,https://www.guiasmayores.com/lectura-de-rayito-de-sol.html,https://www.guiasmayores.com/uploads/1/1/3/1/1131412/5334419_orig.png,
rayito-de-sol-mariquitas,Mariquitas,Rayito de Sol,grado-2,Grado 2 - Rayito de Sol,pdf,5,/Users/abner/Documents/development/sacdia/docs/working/aventureros-especialidades/pdf/rayito-de-sol-mariquitas.pdf,/Users/abner/Documents/development/sacdia/docs/working/aventureros-especialidades/md/rayito-de-sol-mariquitas.md,/Users/abner/Documents/development/sacdia/docs/working/aventureros-especialidades/raw/rayito-de-sol-mariquitas.txt,/Users/abner/Documents/development/sacdia/docs/working/aventureros-especialidades/images/rayito-de-sol-mariquitas.png,790,564,https://www.guiasmayores.com/especialidades---grado-2.html,https://www.guiasmayores.com/uploads/1/1/3/1/1131412/av_-_mariquitas.pdf,https://www.guiasmayores.com/uploads/1/1/3/1/1131412/3577686_orig.png,
rayito-de-sol-misioneros,Misioneros,Rayito de Sol,grado-2,Grado 2 - Rayito de Sol,pdf,7,/Users/abner/Documents/development/sacdia/docs/working/aventureros-especialidades/pdf/rayito-de-sol-misioneros.pdf,/Users/abner/Documents/development/sacdia/docs/working/aventureros-especialidades/md/rayito-de-sol-misioneros.md,/Users/abner/Documents/development/sacdia/docs/working/aventureros-especialidades/raw/rayito-de-sol-misioneros.txt,/Users/abner/Documents/development/sacdia/docs/working/aventureros-especialidades/images/rayito-de-sol-misioneros.png,803,592,https://www.guiasmayores.com/especialidades---grado-2.html,https://www.guiasmayores.com/uploads/1/1/3/1/1131412/av_-_misioneros.pdf,https://www.guiasmayores.com/uploads/1/1/3/1/1131412/misioneros_orig.png,
rayito-de-sol-pajaritos,Pajaritos,Rayito de Sol,grado-2,Grado 2 - Rayito de Sol,pdf,8,/Users/abner/Documents/development/sacdia/docs/working/aventureros-especialidades/pdf/rayito-de-sol-pajaritos.pdf,/Users/abner/Documents/development/sacdia/docs/working/aventureros-especialidades/md/rayito-de-sol-pajaritos.md,/Users/abner/Documents/development/sacdia/docs/working/aventureros-especialidades/raw/rayito-de-sol-pajaritos.txt,/Users/abner/Documents/development/sacdia/docs/working/aventureros-especialidades/images/rayito-de-sol-pajaritos.png,785,553,https://www.guiasmayores.com/especialidades---grado-2.html,https://www.guiasmayores.com/uploads/1/1/3/1/1131412/av_-_pajaritos.pdf,https://www.guiasmayores.com/uploads/1/1/3/1/1131412/7918014_orig.png,
rayito-de-sol-seguridad-en-la-carretera,Seguridad en la carretera,Rayito de Sol,grado-2,Grado 2 - Rayito de Sol,pdf,6,/Users/abner/Documents/development/sacdia/docs/working/aventureros-especialidades/pdf/rayito-de-sol-seguridad-en-la-carretera.pdf,/Users/abner/Documents/development/sacdia/docs/working/aventureros-especialidades/md/rayito-de-sol-seguridad-en-la-carretera.md,/Users/abner/Documents/development/sacdia/docs/working/aventureros-especialidades/raw/rayito-de-sol-seguridad-en-la-carretera.txt,/Users/abner/Documents/development/sacdia/docs/working/aventureros-especialidades/images/rayito-de-sol-seguridad-en-la-carretera.png,788,558,https://www.guiasmayores.com/especialidades---grado-2.html,https://www.guiasmayores.com/uploads/1/1/3/1/1131412/av_-_seguridad_en_la_carretera.pdf,https://www.guiasmayores.com/uploads/1/1/3/1/1131412/9644654_orig.png,
rayito-de-sol-semillas,Semillas,Rayito de Sol,grado-2,Grado 2 - Rayito de Sol,pdf,8,/Users/abner/Documents/development/sacdia/docs/working/aventureros-especialidades/pdf/rayito-de-sol-semillas.pdf,/Users/abner/Documents/development/sacdia/docs/working/aventureros-especialidades/md/rayito-de-sol-semillas.md,/Users/abner/Documents/development/sacdia/docs/working/aventureros-especialidades/raw/rayito-de-sol-semillas.txt,/Users/abner/Documents/development/sacdia/docs/working/aventureros-especialidades/images/rayito-de-sol-semillas.png,784,554,https://www.guiasmayores.com/especialidades---grado-2.html,https://www.guiasmayores.com/uploads/1/1/3/1/1131412/av_-_semillas.pdf,https://www.guiasmayores.com/uploads/1/1/3/1/1131412/2275116_orig.png,
constructor-agua-potable,Agua potable,Constructor,grado-3,Grado 3 - Constructor,pdf,6,/Users/abner/Documents/development/sacdia/docs/working/aventureros-especialidades/pdf/constructor-agua-potable.pdf,/Users/abner/Documents/development/sacdia/docs/working/aventureros-especialidades/md/constructor-agua-potable.md,/Users/abner/Documents/development/sacdia/docs/working/aventureros-especialidades/raw/constructor-agua-potable.txt,/Users/abner/Documents/development/sacdia/docs/working/aventureros-especialidades/images/constructor-agua-potable.png,721,512,https://www.guiasmayores.com/especialidades--grado-3.html,https://www.guiasmayores.com/uploads/1/1/3/1/1131412/av_-_agua_potable.pdf,https://www.guiasmayores.com/uploads/1/1/3/1/1131412/safe-water_orig.png,
constructor-analista-de-comunicacion,Analista de comunicación,Constructor,grado-3,Grado 3 - Constructor,pdf,7,/Users/abner/Documents/development/sacdia/docs/working/aventureros-especialidades/pdf/constructor-analista-de-comunicacion.pdf,/Users/abner/Documents/development/sacdia/docs/working/aventureros-especialidades/md/constructor-analista-de-comunicacion.md,/Users/abner/Documents/development/sacdia/docs/working/aventureros-especialidades/raw/constructor-analista-de-comunicacion.txt,/Users/abner/Documents/development/sacdia/docs/working/aventureros-especialidades/images/constructor-analista-de-comunicacion.png,790,562,https://www.guiasmayores.com/especialidades--grado-3.html,https://www.guiasmayores.com/uploads/1/1/3/1/1131412/av_-_analista_de_comunicación.pdf,https://www.guiasmayores.com/uploads/1/1/3/1/1131412/2491837_orig.png,
constructor-armar-y-volar,Armar y volar,Constructor,grado-3,Grado 3 - Constructor,pdf,8,/Users/abner/Documents/development/sacdia/docs/working/aventureros-especialidades/pdf/constructor-armar-y-volar.pdf,/Users/abner/Documents/development/sacdia/docs/working/aventureros-especialidades/md/constructor-armar-y-volar.md,/Users/abner/Documents/development/sacdia/docs/working/aventureros-especialidades/raw/constructor-armar-y-volar.txt,/Users/abner/Documents/development/sacdia/docs/working/aventureros-especialidades/images/constructor-armar-y-volar.png,873,631,https://www.guiasmayores.com/especialidades--grado-3.html,https://www.guiasmayores.com/uploads/1/1/3/1/1131412/av_-_armar_y_volar.pdf,https://www.guiasmayores.com/uploads/1/1/3/1/1131412/7496178_orig.png,
constructor-artesania-casera,Artesanía casera,Constructor,grado-3,Grado 3 - Constructor,pdf,7,/Users/abner/Documents/development/sacdia/docs/working/aventureros-especialidades/pdf/constructor-artesania-casera.pdf,/Users/abner/Documents/development/sacdia/docs/working/aventureros-especialidades/md/constructor-artesania-casera.md,/Users/abner/Documents/development/sacdia/docs/working/aventureros-especialidades/raw/constructor-artesania-casera.txt,/Users/abner/Documents/development/sacdia/docs/working/aventureros-especialidades/images/constructor-artesania-casera.png,784,566,https://www.guiasmayores.com/especialidades--grado-3.html,https://www.guiasmayores.com/uploads/1/1/3/1/1131412/av_-_artesanía_casera.pdf,https://www.guiasmayores.com/uploads/1/1/3/1/1131412/7595419_orig.png,
constructor-astronomo,Astrónomo,Constructor,grado-3,Grado 3 - Constructor,pdf,7,/Users/abner/Documents/development/sacdia/docs/working/aventureros-especialidades/pdf/constructor-astronomo.pdf,/Users/abner/Documents/development/sacdia/docs/working/aventureros-especialidades/md/constructor-astronomo.md,/Users/abner/Documents/development/sacdia/docs/working/aventureros-especialidades/raw/constructor-astronomo.txt,/Users/abner/Documents/development/sacdia/docs/working/aventureros-especialidades/images/constructor-astronomo.png,786,570,https://www.guiasmayores.com/especialidades--grado-3.html,https://www.guiasmayores.com/uploads/1/1/3/1/1131412/av_-_astrónomo.pdf,https://www.guiasmayores.com/uploads/1/1/3/1/1131412/8469035_orig.png,
constructor-ayudante-de-la-familia,Ayudante de la familia,Constructor,grado-3,Grado 3 - Constructor,pdf,5,/Users/abner/Documents/development/sacdia/docs/working/aventureros-especialidades/pdf/constructor-ayudante-de-la-familia.pdf,/Users/abner/Documents/development/sacdia/docs/working/aventureros-especialidades/md/constructor-ayudante-de-la-familia.md,/Users/abner/Documents/development/sacdia/docs/working/aventureros-especialidades/raw/constructor-ayudante-de-la-familia.txt,/Users/abner/Documents/development/sacdia/docs/working/aventureros-especialidades/images/constructor-ayudante-de-la-familia.png,732,542,https://www.guiasmayores.com/especialidades--grado-3.html,https://www.guiasmayores.com/uploads/1/1/3/1/1131412/av_-_ayudante_de_la_familia.pdf,https://www.guiasmayores.com/uploads/1/1/3/1/1131412/family-helper_orig.png,
constructor-ayudante-de-primeros-auxilios,Ayudante de primeros auxilios,Constructor,grado-3,Grado 3 - Constructor,pdf,9,/Users/abner/Documents/development/sacdia/docs/working/aventureros-especialidades/pdf/constructor-ayudante-de-primeros-auxilios.pdf,/Users/abner/Documents/development/sacdia/docs/working/aventureros-especialidades/md/constructor-ayudante-de-primeros-auxilios.md,/Users/abner/Documents/development/sacdia/docs/working/aventureros-especialidades/raw/constructor-ayudante-de-primeros-auxilios.txt,/Users/abner/Documents/development/sacdia/docs/working/aventureros-especialidades/images/constructor-ayudante-de-primeros-auxilios.png,790,562,https://www.guiasmayores.com/especialidades--grado-3.html,https://www.guiasmayores.com/uploads/1/1/3/1/1131412/av_-_ayudante_de_primeros_auxilios.pdf,https://www.guiasmayores.com/uploads/1/1/3/1/1131412/1633371_orig.png,
constructor-bloques,Bloques,Constructor,grado-3,Grado 3 - Constructor,pdf,5,/Users/abner/Documents/development/sacdia/docs/working/aventureros-especialidades/pdf/constructor-bloques.pdf,/Users/abner/Documents/development/sacdia/docs/working/aventureros-especialidades/md/constructor-bloques.md,/Users/abner/Documents/development/sacdia/docs/working/aventureros-especialidades/raw/constructor-bloques.txt,/Users/abner/Documents/development/sacdia/docs/working/aventureros-especialidades/images/constructor-bloques.png,850,616,https://www.guiasmayores.com/especialidades--grado-3.html,https://www.guiasmayores.com/uploads/1/1/3/1/1131412/av_-_bloques.pdf,https://www.guiasmayores.com/uploads/1/1/3/1/1131412/4856602_orig.png,
constructor-ciclista,Ciclista,Constructor,grado-3,Grado 3 - Constructor,pdf,6,/Users/abner/Documents/development/sacdia/docs/working/aventureros-especialidades/pdf/constructor-ciclista.pdf,/Users/abner/Documents/development/sacdia/docs/working/aventureros-especialidades/md/constructor-ciclista.md,/Users/abner/Documents/development/sacdia/docs/working/aventureros-especialidades/raw/constructor-ciclista.txt,/Users/abner/Documents/development/sacdia/docs/working/aventureros-especialidades/images/constructor-ciclista.png,789,563,https://www.guiasmayores.com/especialidades--grado-3.html,https://www.guiasmayores.com/uploads/1/1/3/1/1131412/av_-_ciclista.pdf,https://www.guiasmayores.com/uploads/1/1/3/1/1131412/5007130_orig.png,
constructor-costura,Costura,Constructor,grado-3,Grado 3 - Constructor,pdf,8,/Users/abner/Documents/development/sacdia/docs/working/aventureros-especialidades/pdf/constructor-costura.pdf,/Users/abner/Documents/development/sacdia/docs/working/aventureros-especialidades/md/constructor-costura.md,/Users/abner/Documents/development/sacdia/docs/working/aventureros-especialidades/raw/constructor-costura.txt,/Users/abner/Documents/development/sacdia/docs/working/aventureros-especialidades/images/constructor-costura.png,789,561,https://www.guiasmayores.com/especialidades--grado-3.html,https://www.guiasmayores.com/uploads/1/1/3/1/1131412/av_-_costura.pdf,https://www.guiasmayores.com/uploads/1/1/3/1/1131412/8339638_orig.png,
constructor-los-diez-mandamientos,Los Diez Mandamientos,Constructor,grado-3,Grado 3 - Constructor,pdf,9,/Users/abner/Documents/development/sacdia/docs/working/aventureros-especialidades/pdf/constructor-los-diez-mandamientos.pdf,/Users/abner/Documents/development/sacdia/docs/working/aventureros-especialidades/md/constructor-los-diez-mandamientos.md,/Users/abner/Documents/development/sacdia/docs/working/aventureros-especialidades/raw/constructor-los-diez-mandamientos.txt,/Users/abner/Documents/development/sacdia/docs/working/aventureros-especialidades/images/constructor-los-diez-mandamientos.png,1083,800,https://www.guiasmayores.com/especialidades--grado-3.html,https://www.guiasmayores.com/uploads/1/1/3/1/1131412/av_-_los_diez_mandamientos.pdf,https://www.guiasmayores.com/uploads/1/1/3/1/1131412/diez-mandamientos_orig.png,
constructor-discipulos,Discípulos,Constructor,grado-3,Grado 3 - Constructor,pdf,10,/Users/abner/Documents/development/sacdia/docs/working/aventureros-especialidades/pdf/constructor-discipulos.pdf,/Users/abner/Documents/development/sacdia/docs/working/aventureros-especialidades/md/constructor-discipulos.md,/Users/abner/Documents/development/sacdia/docs/working/aventureros-especialidades/raw/constructor-discipulos.txt,/Users/abner/Documents/development/sacdia/docs/working/aventureros-especialidades/images/constructor-discipulos.png,814,596,https://www.guiasmayores.com/especialidades--grado-3.html,https://www.guiasmayores.com/uploads/1/1/3/1/1131412/av_-_discípulos.pdf,https://www.guiasmayores.com/uploads/1/1/3/1/1131412/2612809_orig.png,
constructor-diversion-con-cohetes,Diversión con cohetes,Constructor,grado-3,Grado 3 - Constructor,pdf,10,/Users/abner/Documents/development/sacdia/docs/working/aventureros-especialidades/pdf/constructor-diversion-con-cohetes.pdf,/Users/abner/Documents/development/sacdia/docs/working/aventureros-especialidades/md/constructor-diversion-con-cohetes.md,/Users/abner/Documents/development/sacdia/docs/working/aventureros-especialidades/raw/constructor-diversion-con-cohetes.txt,/Users/abner/Documents/development/sacdia/docs/working/aventureros-especialidades/images/constructor-diversion-con-cohetes.png,961,677,https://www.guiasmayores.com/especialidades--grado-3.html,https://www.guiasmayores.com/uploads/1/1/3/1/1131412/av_-_diversión_con_cohetes.pdf,https://www.guiasmayores.com/uploads/1/1/3/1/1131412/rocket-fun_orig.png,
constructor-diversion-con-tarros,Diversión con tarros,Constructor,grado-3,Grado 3 - Constructor,pdf,6,/Users/abner/Documents/development/sacdia/docs/working/aventureros-especialidades/pdf/constructor-diversion-con-tarros.pdf,/Users/abner/Documents/development/sacdia/docs/working/aventureros-especialidades/md/constructor-diversion-con-tarros.md,/Users/abner/Documents/development/sacdia/docs/working/aventureros-especialidades/raw/constructor-diversion-con-tarros.txt,/Users/abner/Documents/development/sacdia/docs/working/aventureros-especialidades/images/constructor-diversion-con-tarros.png,764,546,https://www.guiasmayores.com/especialidades--grado-3.html,https://www.guiasmayores.com/uploads/1/1/3/1/1131412/av_-_diversión_con_tarros.pdf,https://www.guiasmayores.com/uploads/1/1/3/1/1131412/31435_orig.png,
constructor-excursionismo-sobre-la-nieve,Excursionismo sobre la nieve,Constructor,grado-3,Grado 3 - Constructor,pdf,9,/Users/abner/Documents/development/sacdia/docs/working/aventureros-especialidades/pdf/constructor-excursionismo-sobre-la-nieve.pdf,/Users/abner/Documents/development/sacdia/docs/working/aventureros-especialidades/md/constructor-excursionismo-sobre-la-nieve.md,/Users/abner/Documents/development/sacdia/docs/working/aventureros-especialidades/raw/constructor-excursionismo-sobre-la-nieve.txt,/Users/abner/Documents/development/sacdia/docs/working/aventureros-especialidades/images/constructor-excursionismo-sobre-la-nieve.png,806,574,https://www.guiasmayores.com/especialidades--grado-3.html,https://www.guiasmayores.com/uploads/1/1/3/1/1131412/av_-_excursionismo_sobre_la_nieve.pdf,https://www.guiasmayores.com/uploads/1/1/3/1/1131412/6674037_orig.png,
constructor-gimnasta,Gimnasta,Constructor,grado-3,Grado 3 - Constructor,pdf,5,/Users/abner/Documents/development/sacdia/docs/working/aventureros-especialidades/pdf/constructor-gimnasta.pdf,/Users/abner/Documents/development/sacdia/docs/working/aventureros-especialidades/md/constructor-gimnasta.md,/Users/abner/Documents/development/sacdia/docs/working/aventureros-especialidades/raw/constructor-gimnasta.txt,/Users/abner/Documents/development/sacdia/docs/working/aventureros-especialidades/images/constructor-gimnasta.png,786,566,https://www.guiasmayores.com/especialidades--grado-3.html,https://www.guiasmayores.com/uploads/1/1/3/1/1131412/av_-_gimnasta.pdf,https://www.guiasmayores.com/uploads/1/1/3/1/1131412/2225295_orig.png,
constructor-imanes-i,Imanes I,Constructor,grado-3,Grado 3 - Constructor,pdf,6,/Users/abner/Documents/development/sacdia/docs/working/aventureros-especialidades/pdf/constructor-imanes-i.pdf,/Users/abner/Documents/development/sacdia/docs/working/aventureros-especialidades/md/constructor-imanes-i.md,/Users/abner/Documents/development/sacdia/docs/working/aventureros-especialidades/raw/constructor-imanes-i.txt,/Users/abner/Documents/development/sacdia/docs/working/aventureros-especialidades/images/constructor-imanes-i.png,860,624,https://www.guiasmayores.com/especialidades--grado-3.html,https://www.guiasmayores.com/uploads/1/1/3/1/1131412/av_-_imanes_i.pdf,https://www.guiasmayores.com/uploads/1/1/3/1/1131412/1612947_orig.png,
constructor-imanes-ii,Imanes II,Constructor,grado-3,Grado 3 - Constructor,pdf,7,/Users/abner/Documents/development/sacdia/docs/working/aventureros-especialidades/pdf/constructor-imanes-ii.pdf,/Users/abner/Documents/development/sacdia/docs/working/aventureros-especialidades/md/constructor-imanes-ii.md,/Users/abner/Documents/development/sacdia/docs/working/aventureros-especialidades/raw/constructor-imanes-ii.txt,/Users/abner/Documents/development/sacdia/docs/working/aventureros-especialidades/images/constructor-imanes-ii.png,772,558,https://www.guiasmayores.com/especialidades--grado-3.html,https://www.guiasmayores.com/uploads/1/1/3/1/1131412/av_-_imanes_ii.pdf,https://www.guiasmayores.com/uploads/1/1/3/1/1131412/1598043_orig.png,
constructor-lagartos,Lagartos,Constructor,grado-3,Grado 3 - Constructor,pdf,6,/Users/abner/Documents/development/sacdia/docs/working/aventureros-especialidades/pdf/constructor-lagartos.pdf,/Users/abner/Documents/development/sacdia/docs/working/aventureros-especialidades/md/constructor-lagartos.md,/Users/abner/Documents/development/sacdia/docs/working/aventureros-especialidades/raw/constructor-lagartos.txt,/Users/abner/Documents/development/sacdia/docs/working/aventureros-especialidades/images/constructor-lagartos.png,792,552,https://www.guiasmayores.com/especialidades--grado-3.html,https://www.guiasmayores.com/uploads/1/1/3/1/1131412/av_-_lagartijas.pdf,https://www.guiasmayores.com/uploads/1/1/3/1/1131412/2682297_orig.png,
constructor-lectura-iii,Lectura III,Constructor,grado-3,Grado 3 - Constructor,html,2,,/Users/abner/Documents/development/sacdia/docs/working/aventureros-especialidades/md/constructor-lectura-iii.md,/Users/abner/Documents/development/sacdia/docs/working/aventureros-especialidades/raw/constructor-lectura-iii.txt,/Users/abner/Documents/development/sacdia/docs/working/aventureros-especialidades/images/constructor-lectura-iii.png,788,564,https://www.guiasmayores.com/especialidades--grado-3.html,https://www.guiasmayores.com/lectura-de-constructor.html,https://www.guiasmayores.com/uploads/1/1/3/1/1131412/91829_orig.png,
constructor-mayordomo-sabio,Mayordomo sabio,Constructor,grado-3,Grado 3 - Constructor,pdf,8,/Users/abner/Documents/development/sacdia/docs/working/aventureros-especialidades/pdf/constructor-mayordomo-sabio.pdf,/Users/abner/Documents/development/sacdia/docs/working/aventureros-especialidades/md/constructor-mayordomo-sabio.md,/Users/abner/Documents/development/sacdia/docs/working/aventureros-especialidades/raw/constructor-mayordomo-sabio.txt,/Users/abner/Documents/development/sacdia/docs/working/aventureros-especialidades/images/constructor-mayordomo-sabio.png,784,554,https://www.guiasmayores.com/especialidades--grado-3.html,https://www.guiasmayores.com/uploads/1/1/3/1/1131412/av_-_mayordomo_sabio.pdf,https://www.guiasmayores.com/uploads/1/1/3/1/1131412/6189888_orig.png,
constructor-miel,Miel,Constructor,grado-3,Grado 3 - Constructor,pdf,6,/Users/abner/Documents/development/sacdia/docs/working/aventureros-especialidades/pdf/constructor-miel.pdf,/Users/abner/Documents/development/sacdia/docs/working/aventureros-especialidades/md/constructor-miel.md,/Users/abner/Documents/development/sacdia/docs/working/aventureros-especialidades/raw/constructor-miel.txt,/Users/abner/Documents/development/sacdia/docs/working/aventureros-especialidades/images/constructor-miel.png,846,610,https://www.guiasmayores.com/especialidades--grado-3.html,https://www.guiasmayores.com/uploads/1/1/3/1/1131412/av_-_miel.pdf,https://www.guiasmayores.com/uploads/1/1/3/1/1131412/1227826_orig.png,
constructor-nadador-ii,Nadador II,Constructor,grado-3,Grado 3 - Constructor,pdf,20,/Users/abner/Documents/development/sacdia/docs/working/aventureros-especialidades/pdf/constructor-nadador-ii.pdf,/Users/abner/Documents/development/sacdia/docs/working/aventureros-especialidades/md/constructor-nadador-ii.md,/Users/abner/Documents/development/sacdia/docs/working/aventureros-especialidades/raw/constructor-nadador-ii.txt,/Users/abner/Documents/development/sacdia/docs/working/aventureros-especialidades/images/constructor-nadador-ii.png,788,558,https://www.guiasmayores.com/especialidades--grado-3.html,https://www.guiasmayores.com/uploads/1/1/3/1/1131412/av_-_nadador_ii.pdf,https://www.guiasmayores.com/uploads/1/1/3/1/1131412/4539836_orig.png,
constructor-olimpiadas,Olimpiadas,Constructor,grado-3,Grado 3 - Constructor,pdf,8,/Users/abner/Documents/development/sacdia/docs/working/aventureros-especialidades/pdf/constructor-olimpiadas.pdf,/Users/abner/Documents/development/sacdia/docs/working/aventureros-especialidades/md/constructor-olimpiadas.md,/Users/abner/Documents/development/sacdia/docs/working/aventureros-especialidades/raw/constructor-olimpiadas.txt,/Users/abner/Documents/development/sacdia/docs/working/aventureros-especialidades/images/constructor-olimpiadas.png,786,552,https://www.guiasmayores.com/especialidades--grado-3.html,https://www.guiasmayores.com/uploads/1/1/3/1/1131412/av_-_olimpiadas.pdf,https://www.guiasmayores.com/uploads/1/1/3/1/1131412/2862359_orig.png,
constructor-oracion,Oración,Constructor,grado-3,Grado 3 - Constructor,pdf,4,/Users/abner/Documents/development/sacdia/docs/working/aventureros-especialidades/pdf/constructor-oracion.pdf,/Users/abner/Documents/development/sacdia/docs/working/aventureros-especialidades/md/constructor-oracion.md,/Users/abner/Documents/development/sacdia/docs/working/aventureros-especialidades/raw/constructor-oracion.txt,/Users/abner/Documents/development/sacdia/docs/working/aventureros-especialidades/images/constructor-oracion.png,818,562,https://www.guiasmayores.com/especialidades--grado-3.html,https://www.guiasmayores.com/uploads/1/1/3/1/1131412/av_-_oración.pdf,https://www.guiasmayores.com/uploads/1/1/3/1/1131412/3806050_orig.png,
constructor-perlas-cuentas,Perlas/cuentas,Constructor,grado-3,Grado 3 - Constructor,pdf,7,/Users/abner/Documents/development/sacdia/docs/working/aventureros-especialidades/pdf/constructor-perlas-cuentas.pdf,/Users/abner/Documents/development/sacdia/docs/working/aventureros-especialidades/md/constructor-perlas-cuentas.md,/Users/abner/Documents/development/sacdia/docs/working/aventureros-especialidades/raw/constructor-perlas-cuentas.txt,/Users/abner/Documents/development/sacdia/docs/working/aventureros-especialidades/images/constructor-perlas-cuentas.png,786,548,https://www.guiasmayores.com/especialidades--grado-3.html,https://www.guiasmayores.com/uploads/1/1/3/1/1131412/av_-_perlas.pdf,https://www.guiasmayores.com/uploads/1/1/3/1/1131412/9894829_orig.png,
constructor-pioneros-adventistas,Pioneros adventistas,Constructor,grado-3,Grado 3 - Constructor,pdf,13,/Users/abner/Documents/development/sacdia/docs/working/aventureros-especialidades/pdf/constructor-pioneros-adventistas.pdf,/Users/abner/Documents/development/sacdia/docs/working/aventureros-especialidades/md/constructor-pioneros-adventistas.md,/Users/abner/Documents/development/sacdia/docs/working/aventureros-especialidades/raw/constructor-pioneros-adventistas.txt,/Users/abner/Documents/development/sacdia/docs/working/aventureros-especialidades/images/constructor-pioneros-adventistas.png,786,550,https://www.guiasmayores.com/especialidades--grado-3.html,https://www.guiasmayores.com/uploads/1/1/3/1/1131412/av_-_pioneros_adventistas.pdf,https://www.guiasmayores.com/uploads/1/1/3/1/1131412/1140300_orig.png,
constructor-salvar-los-animales,Salvar los animales,Constructor,grado-3,Grado 3 - Constructor,pdf,7,/Users/abner/Documents/development/sacdia/docs/working/aventureros-especialidades/pdf/constructor-salvar-los-animales.pdf,/Users/abner/Documents/development/sacdia/docs/working/aventureros-especialidades/md/constructor-salvar-los-animales.md,/Users/abner/Documents/development/sacdia/docs/working/aventureros-especialidades/raw/constructor-salvar-los-animales.txt,/Users/abner/Documents/development/sacdia/docs/working/aventureros-especialidades/images/constructor-salvar-los-animales.png,912,628,https://www.guiasmayores.com/especialidades--grado-3.html,https://www.guiasmayores.com/uploads/1/1/3/1/1131412/av_-_salvar_los_animales.pdf,https://www.guiasmayores.com/uploads/1/1/3/1/1131412/4794328_orig.png,
constructor-sombras-chinescas,Sombras chinescas,Constructor,grado-3,Grado 3 - Constructor,pdf,5,/Users/abner/Documents/development/sacdia/docs/working/aventureros-especialidades/pdf/constructor-sombras-chinescas.pdf,/Users/abner/Documents/development/sacdia/docs/working/aventureros-especialidades/md/constructor-sombras-chinescas.md,/Users/abner/Documents/development/sacdia/docs/working/aventureros-especialidades/raw/constructor-sombras-chinescas.txt,/Users/abner/Documents/development/sacdia/docs/working/aventureros-especialidades/images/constructor-sombras-chinescas.png,778,536,https://www.guiasmayores.com/especialidades--grado-3.html,https://www.guiasmayores.com/uploads/1/1/3/1/1131412/av_-_sombras_chinescas.pdf,https://www.guiasmayores.com/uploads/1/1/3/1/1131412/1074340_orig.png,
constructor-tarjetas-postales,Tarjetas postales,Constructor,grado-3,Grado 3 - Constructor,pdf,12,/Users/abner/Documents/development/sacdia/docs/working/aventureros-especialidades/pdf/constructor-tarjetas-postales.pdf,/Users/abner/Documents/development/sacdia/docs/working/aventureros-especialidades/md/constructor-tarjetas-postales.md,/Users/abner/Documents/development/sacdia/docs/working/aventureros-especialidades/raw/constructor-tarjetas-postales.txt,/Users/abner/Documents/development/sacdia/docs/working/aventureros-especialidades/images/constructor-tarjetas-postales.png,810,588,https://www.guiasmayores.com/especialidades--grado-3.html,https://www.guiasmayores.com/uploads/1/1/3/1/1131412/av_-_tarjetas_postales.pdf,https://www.guiasmayores.com/uploads/1/1/3/1/1131412/2174673_orig.png,
constructor-temperancia,Temperancia,Constructor,grado-3,Grado 3 - Constructor,pdf,12,/Users/abner/Documents/development/sacdia/docs/working/aventureros-especialidades/pdf/constructor-temperancia.pdf,/Users/abner/Documents/development/sacdia/docs/working/aventureros-especialidades/md/constructor-temperancia.md,/Users/abner/Documents/development/sacdia/docs/working/aventureros-especialidades/raw/constructor-temperancia.txt,/Users/abner/Documents/development/sacdia/docs/working/aventureros-especialidades/images/constructor-temperancia.png,880,630,https://www.guiasmayores.com/especialidades--grado-3.html,https://www.guiasmayores.com/uploads/1/1/3/1/1131412/av_-_temperancia.pdf,https://www.guiasmayores.com/uploads/1/1/3/1/1131412/2862233_orig.png,
constructor-trovador,Trovador,Constructor,grado-3,Grado 3 - Constructor,pdf,9,/Users/abner/Documents/development/sacdia/docs/working/aventureros-especialidades/pdf/constructor-trovador.pdf,/Users/abner/Documents/development/sacdia/docs/working/aventureros-especialidades/md/constructor-trovador.md,/Users/abner/Documents/development/sacdia/docs/working/aventureros-especialidades/raw/constructor-trovador.txt,/Users/abner/Documents/development/sacdia/docs/working/aventureros-especialidades/images/constructor-trovador.png,912,642,https://www.guiasmayores.com/especialidades--grado-3.html,https://www.guiasmayores.com/uploads/1/1/3/1/1131412/av_-_trovador.pdf,https://www.guiasmayores.com/uploads/1/1/3/1/1131412/6460115_orig.png,
manitas-ayudadoras-abejas,Abejas,Manitas Ayudadoras,grado-4,Grado 4 - Manitas Ayudadoras,pdf,7,/Users/abner/Documents/development/sacdia/docs/working/aventureros-especialidades/pdf/manitas-ayudadoras-abejas.pdf,/Users/abner/Documents/development/sacdia/docs/working/aventureros-especialidades/md/manitas-ayudadoras-abejas.md,/Users/abner/Documents/development/sacdia/docs/working/aventureros-especialidades/raw/manitas-ayudadoras-abejas.txt,/Users/abner/Documents/development/sacdia/docs/working/aventureros-especialidades/images/manitas-ayudadoras-abejas.png,834,586,https://www.guiasmayores.com/especialidades---grado-4.html,https://www.guiasmayores.com/uploads/1/1/3/1/1131412/av_-_abejas.pdf,https://www.guiasmayores.com/uploads/1/1/3/1/1131412/4273845_orig.png,
manitas-ayudadoras-album-de-fotos,Álbum de fotos,Manitas Ayudadoras,grado-4,Grado 4 - Manitas Ayudadoras,pdf,5,/Users/abner/Documents/development/sacdia/docs/working/aventureros-especialidades/pdf/manitas-ayudadoras-album-de-fotos.pdf,/Users/abner/Documents/development/sacdia/docs/working/aventureros-especialidades/md/manitas-ayudadoras-album-de-fotos.md,/Users/abner/Documents/development/sacdia/docs/working/aventureros-especialidades/raw/manitas-ayudadoras-album-de-fotos.txt,/Users/abner/Documents/development/sacdia/docs/working/aventureros-especialidades/images/manitas-ayudadoras-album-de-fotos.png,768,536,https://www.guiasmayores.com/especialidades---grado-4.html,https://www.guiasmayores.com/uploads/1/1/3/1/1131412/av_-_Álbum_de_fotos.pdf,https://www.guiasmayores.com/uploads/1/1/3/1/1131412/8815736_orig.png,
manitas-ayudadoras-amigo-carinoso,Amigo cariñoso,Manitas Ayudadoras,grado-4,Grado 4 - Manitas Ayudadoras,pdf,7,/Users/abner/Documents/development/sacdia/docs/working/aventureros-especialidades/pdf/manitas-ayudadoras-amigo-carinoso.pdf,/Users/abner/Documents/development/sacdia/docs/working/aventureros-especialidades/md/manitas-ayudadoras-amigo-carinoso.md,/Users/abner/Documents/development/sacdia/docs/working/aventureros-especialidades/raw/manitas-ayudadoras-amigo-carinoso.txt,/Users/abner/Documents/development/sacdia/docs/working/aventureros-especialidades/images/manitas-ayudadoras-amigo-carinoso.png,712,494,https://www.guiasmayores.com/especialidades---grado-4.html,https://www.guiasmayores.com/uploads/1/1/3/1/1131412/av_-_amigo_cariñoso.pdf,https://www.guiasmayores.com/uploads/1/1/3/1/1131412/8111707_orig.png,
manitas-ayudadoras-canastero,Canastero,Manitas Ayudadoras,grado-4,Grado 4 - Manitas Ayudadoras,pdf,8,/Users/abner/Documents/development/sacdia/docs/working/aventureros-especialidades/pdf/manitas-ayudadoras-canastero.pdf,/Users/abner/Documents/development/sacdia/docs/working/aventureros-especialidades/md/manitas-ayudadoras-canastero.md,/Users/abner/Documents/development/sacdia/docs/working/aventureros-especialidades/raw/manitas-ayudadoras-canastero.txt,/Users/abner/Documents/development/sacdia/docs/working/aventureros-especialidades/images/manitas-ayudadoras-canastero.png,762,540,https://www.guiasmayores.com/especialidades---grado-4.html,https://www.guiasmayores.com/uploads/1/1/3/1/1131412/av_-_canastero.pdf,https://www.guiasmayores.com/uploads/1/1/3/1/1131412/9252376_orig.png,
manitas-ayudadoras-canotaje,Canotaje,Manitas Ayudadoras,grado-4,Grado 4 - Manitas Ayudadoras,pdf,5,/Users/abner/Documents/development/sacdia/docs/working/aventureros-especialidades/pdf/manitas-ayudadoras-canotaje.pdf,/Users/abner/Documents/development/sacdia/docs/working/aventureros-especialidades/md/manitas-ayudadoras-canotaje.md,/Users/abner/Documents/development/sacdia/docs/working/aventureros-especialidades/raw/manitas-ayudadoras-canotaje.txt,/Users/abner/Documents/development/sacdia/docs/working/aventureros-especialidades/images/manitas-ayudadoras-canotaje.png,858,622,https://www.guiasmayores.com/especialidades---grado-4.html,https://www.guiasmayores.com/uploads/1/1/3/1/1131412/av_-_canotaje.pdf,https://www.guiasmayores.com/uploads/1/1/3/1/1131412/6702687_orig.png,
manitas-ayudadoras-carpintero,Carpintero,Manitas Ayudadoras,grado-4,Grado 4 - Manitas Ayudadoras,pdf,7,/Users/abner/Documents/development/sacdia/docs/working/aventureros-especialidades/pdf/manitas-ayudadoras-carpintero.pdf,/Users/abner/Documents/development/sacdia/docs/working/aventureros-especialidades/md/manitas-ayudadoras-carpintero.md,/Users/abner/Documents/development/sacdia/docs/working/aventureros-especialidades/raw/manitas-ayudadoras-carpintero.txt,/Users/abner/Documents/development/sacdia/docs/working/aventureros-especialidades/images/manitas-ayudadoras-carpintero.png,790,564,https://www.guiasmayores.com/especialidades---grado-4.html,https://www.guiasmayores.com/uploads/1/1/3/1/1131412/av_-_carpintero.pdf,https://www.guiasmayores.com/uploads/1/1/3/1/1131412/221597_orig.png,
manitas-ayudadoras-climatologia,Climatología,Manitas Ayudadoras,grado-4,Grado 4 - Manitas Ayudadoras,pdf,8,/Users/abner/Documents/development/sacdia/docs/working/aventureros-especialidades/pdf/manitas-ayudadoras-climatologia.pdf,/Users/abner/Documents/development/sacdia/docs/working/aventureros-especialidades/md/manitas-ayudadoras-climatologia.md,/Users/abner/Documents/development/sacdia/docs/working/aventureros-especialidades/raw/manitas-ayudadoras-climatologia.txt,/Users/abner/Documents/development/sacdia/docs/working/aventureros-especialidades/images/manitas-ayudadoras-climatologia.png,870,640,https://www.guiasmayores.com/especialidades---grado-4.html,https://www.guiasmayores.com/uploads/1/1/3/1/1131412/av_-_clima.pdf,https://www.guiasmayores.com/uploads/1/1/3/1/1131412/5516569_orig.png,
manitas-ayudadoras-diversion-con-naciones,Diversión con naciones,Manitas Ayudadoras,grado-4,Grado 4 - Manitas Ayudadoras,pdf,6,/Users/abner/Documents/development/sacdia/docs/working/aventureros-especialidades/pdf/manitas-ayudadoras-diversion-con-naciones.pdf,/Users/abner/Documents/development/sacdia/docs/working/aventureros-especialidades/md/manitas-ayudadoras-diversion-con-naciones.md,/Users/abner/Documents/development/sacdia/docs/working/aventureros-especialidades/raw/manitas-ayudadoras-diversion-con-naciones.txt,/Users/abner/Documents/development/sacdia/docs/working/aventureros-especialidades/images/manitas-ayudadoras-diversion-con-naciones.png,767,547,https://www.guiasmayores.com/especialidades---grado-4.html,https://www.guiasmayores.com/uploads/1/1/3/1/1131412/av_-_diversión_con_naciones.pdf,https://www.guiasmayores.com/uploads/1/1/3/1/1131412/9353749_orig.png,
manitas-ayudadoras-ecologo,Ecólogo,Manitas Ayudadoras,grado-4,Grado 4 - Manitas Ayudadoras,pdf,7,/Users/abner/Documents/development/sacdia/docs/working/aventureros-especialidades/pdf/manitas-ayudadoras-ecologo.pdf,/Users/abner/Documents/development/sacdia/docs/working/aventureros-especialidades/md/manitas-ayudadoras-ecologo.md,/Users/abner/Documents/development/sacdia/docs/working/aventureros-especialidades/raw/manitas-ayudadoras-ecologo.txt,/Users/abner/Documents/development/sacdia/docs/working/aventureros-especialidades/images/manitas-ayudadoras-ecologo.png,788,558,https://www.guiasmayores.com/especialidades---grado-4.html,https://www.guiasmayores.com/uploads/1/1/3/1/1131412/av_-_ecólogo.pdf,https://www.guiasmayores.com/uploads/1/1/3/1/1131412/6155398_orig.png,
manitas-ayudadoras-equitacion,Equitación,Manitas Ayudadoras,grado-4,Grado 4 - Manitas Ayudadoras,pdf,8,/Users/abner/Documents/development/sacdia/docs/working/aventureros-especialidades/pdf/manitas-ayudadoras-equitacion.pdf,/Users/abner/Documents/development/sacdia/docs/working/aventureros-especialidades/md/manitas-ayudadoras-equitacion.md,/Users/abner/Documents/development/sacdia/docs/working/aventureros-especialidades/raw/manitas-ayudadoras-equitacion.txt,/Users/abner/Documents/development/sacdia/docs/working/aventureros-especialidades/images/manitas-ayudadoras-equitacion.png,900,636,https://www.guiasmayores.com/especialidades---grado-4.html,https://www.guiasmayores.com/uploads/1/1/3/1/1131412/av_-_equitación.pdf,https://www.guiasmayores.com/uploads/1/1/3/1/1131412/9008214_orig.png,
manitas-ayudadoras-espiritu-santo,Espíritu Santo,Manitas Ayudadoras,grado-4,Grado 4 - Manitas Ayudadoras,pdf,8,/Users/abner/Documents/development/sacdia/docs/working/aventureros-especialidades/pdf/manitas-ayudadoras-espiritu-santo.pdf,/Users/abner/Documents/development/sacdia/docs/working/aventureros-especialidades/md/manitas-ayudadoras-espiritu-santo.md,/Users/abner/Documents/development/sacdia/docs/working/aventureros-especialidades/raw/manitas-ayudadoras-espiritu-santo.txt,/Users/abner/Documents/development/sacdia/docs/working/aventureros-especialidades/images/manitas-ayudadoras-espiritu-santo.png,1071,800,https://www.guiasmayores.com/especialidades---grado-4.html,https://www.guiasmayores.com/uploads/1/1/3/1/1131412/av_-_espíritu_santo.pdf,https://www.guiasmayores.com/uploads/1/1/3/1/1131412/esp-ritu-santo_orig.png,
manitas-ayudadoras-estudiante-de-biblia-ii,Estudiante de Biblia II,Manitas Ayudadoras,grado-4,Grado 4 - Manitas Ayudadoras,pdf,6,/Users/abner/Documents/development/sacdia/docs/working/aventureros-especialidades/pdf/manitas-ayudadoras-estudiante-de-biblia-ii.pdf,/Users/abner/Documents/development/sacdia/docs/working/aventureros-especialidades/md/manitas-ayudadoras-estudiante-de-biblia-ii.md,/Users/abner/Documents/development/sacdia/docs/working/aventureros-especialidades/raw/manitas-ayudadoras-estudiante-de-biblia-ii.txt,/Users/abner/Documents/development/sacdia/docs/working/aventureros-especialidades/images/manitas-ayudadoras-estudiante-de-biblia-ii.png,758,550,https://www.guiasmayores.com/especialidades---grado-4.html,https://www.guiasmayores.com/uploads/1/1/3/1/1131412/av_-_biblia_ii.pdf,https://www.guiasmayores.com/uploads/1/1/3/1/1131412/1492462_orig.png,
manitas-ayudadoras-explorador,Explorador,Manitas Ayudadoras,grado-4,Grado 4 - Manitas Ayudadoras,pdf,8,/Users/abner/Documents/development/sacdia/docs/working/aventureros-especialidades/pdf/manitas-ayudadoras-explorador.pdf,/Users/abner/Documents/development/sacdia/docs/working/aventureros-especialidades/md/manitas-ayudadoras-explorador.md,/Users/abner/Documents/development/sacdia/docs/working/aventureros-especialidades/raw/manitas-ayudadoras-explorador.txt,/Users/abner/Documents/development/sacdia/docs/working/aventureros-especialidades/images/manitas-ayudadoras-explorador.png,786,544,https://www.guiasmayores.com/especialidades---grado-4.html,https://www.guiasmayores.com/uploads/1/1/3/1/1131412/av_-_explorador.pdf,https://www.guiasmayores.com/uploads/1/1/3/1/1131412/2089979_orig.png,
manitas-ayudadoras-fruto-del-espiritu,Fruto del Espíritu,Manitas Ayudadoras,grado-4,Grado 4 - Manitas Ayudadoras,pdf,8,/Users/abner/Documents/development/sacdia/docs/working/aventureros-especialidades/pdf/manitas-ayudadoras-fruto-del-espiritu.pdf,/Users/abner/Documents/development/sacdia/docs/working/aventureros-especialidades/md/manitas-ayudadoras-fruto-del-espiritu.md,/Users/abner/Documents/development/sacdia/docs/working/aventureros-especialidades/raw/manitas-ayudadoras-fruto-del-espiritu.txt,/Users/abner/Documents/development/sacdia/docs/working/aventureros-especialidades/images/manitas-ayudadoras-fruto-del-espiritu.png,830,614,https://www.guiasmayores.com/especialidades---grado-4.html,https://www.guiasmayores.com/uploads/1/1/3/1/1131412/av_-_frutos_del_espíritu.pdf,https://www.guiasmayores.com/uploads/1/1/3/1/1131412/2581173_orig.png,
manitas-ayudadoras-geologo,Geólogo,Manitas Ayudadoras,grado-4,Grado 4 - Manitas Ayudadoras,pdf,8,/Users/abner/Documents/development/sacdia/docs/working/aventureros-especialidades/pdf/manitas-ayudadoras-geologo.pdf,/Users/abner/Documents/development/sacdia/docs/working/aventureros-especialidades/md/manitas-ayudadoras-geologo.md,/Users/abner/Documents/development/sacdia/docs/working/aventureros-especialidades/raw/manitas-ayudadoras-geologo.txt,/Users/abner/Documents/development/sacdia/docs/working/aventureros-especialidades/images/manitas-ayudadoras-geologo.png,786,564,https://www.guiasmayores.com/especialidades---grado-4.html,https://www.guiasmayores.com/uploads/1/1/3/1/1131412/av_-_geólogo.pdf,https://www.guiasmayores.com/uploads/1/1/3/1/1131412/9297340_orig.png,
manitas-ayudadoras-lectura-iv,Lectura IV,Manitas Ayudadoras,grado-4,Grado 4 - Manitas Ayudadoras,html,2,,/Users/abner/Documents/development/sacdia/docs/working/aventureros-especialidades/md/manitas-ayudadoras-lectura-iv.md,/Users/abner/Documents/development/sacdia/docs/working/aventureros-especialidades/raw/manitas-ayudadoras-lectura-iv.txt,/Users/abner/Documents/development/sacdia/docs/working/aventureros-especialidades/images/manitas-ayudadoras-lectura-iv.png,788,562,https://www.guiasmayores.com/especialidades---grado-4.html,https://www.guiasmayores.com/lectura-de-manos-ayudadoras.html,https://www.guiasmayores.com/uploads/1/1/3/1/1131412/7277802_orig.png,
manitas-ayudadoras-lenguaje-de-signos,Lenguaje de signos,Manitas Ayudadoras,grado-4,Grado 4 - Manitas Ayudadoras,pdf,6,/Users/abner/Documents/development/sacdia/docs/working/aventureros-especialidades/pdf/manitas-ayudadoras-lenguaje-de-signos.pdf,/Users/abner/Documents/development/sacdia/docs/working/aventureros-especialidades/md/manitas-ayudadoras-lenguaje-de-signos.md,/Users/abner/Documents/development/sacdia/docs/working/aventureros-especialidades/raw/manitas-ayudadoras-lenguaje-de-signos.txt,/Users/abner/Documents/development/sacdia/docs/working/aventureros-especialidades/images/manitas-ayudadoras-lenguaje-de-signos.png,784,556,https://www.guiasmayores.com/especialidades---grado-4.html,https://www.guiasmayores.com/uploads/1/1/3/1/1131412/av_-_lenguaje_de_signos.pdf,https://www.guiasmayores.com/uploads/1/1/3/1/1131412/5418722_orig.png,
manitas-ayudadoras-habitat,Hábitat,Manitas Ayudadoras,grado-4,Grado 4 - Manitas Ayudadoras,pdf,9,/Users/abner/Documents/development/sacdia/docs/working/aventureros-especialidades/pdf/manitas-ayudadoras-habitat.pdf,/Users/abner/Documents/development/sacdia/docs/working/aventureros-especialidades/md/manitas-ayudadoras-habitat.md,/Users/abner/Documents/development/sacdia/docs/working/aventureros-especialidades/raw/manitas-ayudadoras-habitat.txt,/Users/abner/Documents/development/sacdia/docs/working/aventureros-especialidades/images/manitas-ayudadoras-habitat.png,780,552,https://www.guiasmayores.com/especialidades---grado-4.html,https://www.guiasmayores.com/uploads/1/1/3/1/1131412/av_-_hábitat.pdf,https://www.guiasmayores.com/uploads/1/1/3/1/1131412/1023273_orig.png,
manitas-ayudadoras-higiene,Higiene,Manitas Ayudadoras,grado-4,Grado 4 - Manitas Ayudadoras,pdf,8,/Users/abner/Documents/development/sacdia/docs/working/aventureros-especialidades/pdf/manitas-ayudadoras-higiene.pdf,/Users/abner/Documents/development/sacdia/docs/working/aventureros-especialidades/md/manitas-ayudadoras-higiene.md,/Users/abner/Documents/development/sacdia/docs/working/aventureros-especialidades/raw/manitas-ayudadoras-higiene.txt,/Users/abner/Documents/development/sacdia/docs/working/aventureros-especialidades/images/manitas-ayudadoras-higiene.png,790,548,https://www.guiasmayores.com/especialidades---grado-4.html,https://www.guiasmayores.com/uploads/1/1/3/1/1131412/av_-_higiene.pdf,https://www.guiasmayores.com/uploads/1/1/3/1/1131412/9150845_orig.png,
manitas-ayudadoras-mi-iglesia,Mi iglesia,Manitas Ayudadoras,grado-4,Grado 4 - Manitas Ayudadoras,pdf,7,/Users/abner/Documents/development/sacdia/docs/working/aventureros-especialidades/pdf/manitas-ayudadoras-mi-iglesia.pdf,/Users/abner/Documents/development/sacdia/docs/working/aventureros-especialidades/md/manitas-ayudadoras-mi-iglesia.md,/Users/abner/Documents/development/sacdia/docs/working/aventureros-especialidades/raw/manitas-ayudadoras-mi-iglesia.txt,/Users/abner/Documents/development/sacdia/docs/working/aventureros-especialidades/images/manitas-ayudadoras-mi-iglesia.png,772,564,https://www.guiasmayores.com/especialidades---grado-4.html,https://www.guiasmayores.com/uploads/1/1/3/1/1131412/av_-_mi_iglesia.pdf,https://www.guiasmayores.com/uploads/1/1/3/1/1131412/2090811_orig.png,
manitas-ayudadoras-nudos,Nudos,Manitas Ayudadoras,grado-4,Grado 4 - Manitas Ayudadoras,pdf,3,/Users/abner/Documents/development/sacdia/docs/working/aventureros-especialidades/pdf/manitas-ayudadoras-nudos.pdf,/Users/abner/Documents/development/sacdia/docs/working/aventureros-especialidades/md/manitas-ayudadoras-nudos.md,/Users/abner/Documents/development/sacdia/docs/working/aventureros-especialidades/raw/manitas-ayudadoras-nudos.txt,/Users/abner/Documents/development/sacdia/docs/working/aventureros-especialidades/images/manitas-ayudadoras-nudos.png,794,568,https://www.guiasmayores.com/especialidades---grado-4.html,https://www.guiasmayores.com/uploads/1/1/3/1/1131412/av_-_nudos.pdf,https://www.guiasmayores.com/uploads/1/1/3/1/1131412/5595532_orig.png,
manitas-ayudadoras-origami,Origami,Manitas Ayudadoras,grado-4,Grado 4 - Manitas Ayudadoras,pdf,5,/Users/abner/Documents/development/sacdia/docs/working/aventureros-especialidades/pdf/manitas-ayudadoras-origami.pdf,/Users/abner/Documents/development/sacdia/docs/working/aventureros-especialidades/md/manitas-ayudadoras-origami.md,/Users/abner/Documents/development/sacdia/docs/working/aventureros-especialidades/raw/manitas-ayudadoras-origami.txt,/Users/abner/Documents/development/sacdia/docs/working/aventureros-especialidades/images/manitas-ayudadoras-origami.png,538,374,https://www.guiasmayores.com/especialidades---grado-4.html,https://www.guiasmayores.com/uploads/1/1/3/1/1131412/av_-_origami.pdf,https://www.guiasmayores.com/uploads/1/1/3/1/1131412/origami-award_orig.png,
manitas-ayudadoras-paladin-de-oracion,Paladín de oración,Manitas Ayudadoras,grado-4,Grado 4 - Manitas Ayudadoras,pdf,7,/Users/abner/Documents/development/sacdia/docs/working/aventureros-especialidades/pdf/manitas-ayudadoras-paladin-de-oracion.pdf,/Users/abner/Documents/development/sacdia/docs/working/aventureros-especialidades/md/manitas-ayudadoras-paladin-de-oracion.md,/Users/abner/Documents/development/sacdia/docs/working/aventureros-especialidades/raw/manitas-ayudadoras-paladin-de-oracion.txt,/Users/abner/Documents/development/sacdia/docs/working/aventureros-especialidades/images/manitas-ayudadoras-paladin-de-oracion.png,939,635,https://www.guiasmayores.com/especialidades---grado-4.html,https://www.guiasmayores.com/uploads/1/1/3/1/1131412/av_-_paladín_de_oración.pdf,https://www.guiasmayores.com/uploads/1/1/3/1/1131412/5619338_orig.png,
manitas-ayudadoras-pasos-a-jesus,Pasos a Jesús,Manitas Ayudadoras,grado-4,Grado 4 - Manitas Ayudadoras,pdf,2,/Users/abner/Documents/development/sacdia/docs/working/aventureros-especialidades/pdf/manitas-ayudadoras-pasos-a-jesus.pdf,/Users/abner/Documents/development/sacdia/docs/working/aventureros-especialidades/md/manitas-ayudadoras-pasos-a-jesus.md,/Users/abner/Documents/development/sacdia/docs/working/aventureros-especialidades/raw/manitas-ayudadoras-pasos-a-jesus.txt,/Users/abner/Documents/development/sacdia/docs/working/aventureros-especialidades/images/manitas-ayudadoras-pasos-a-jesus.png,763,545,https://www.guiasmayores.com/especialidades---grado-4.html,https://www.guiasmayores.com/uploads/1/1/3/1/1131412/av_-_pasos_a_jesús.pdf,https://www.guiasmayores.com/uploads/1/1/3/1/1131412/8815479_orig.png,
manitas-ayudadoras-patinador,Patinador,Manitas Ayudadoras,grado-4,Grado 4 - Manitas Ayudadoras,pdf,9,/Users/abner/Documents/development/sacdia/docs/working/aventureros-especialidades/pdf/manitas-ayudadoras-patinador.pdf,/Users/abner/Documents/development/sacdia/docs/working/aventureros-especialidades/md/manitas-ayudadoras-patinador.md,/Users/abner/Documents/development/sacdia/docs/working/aventureros-especialidades/raw/manitas-ayudadoras-patinador.txt,/Users/abner/Documents/development/sacdia/docs/working/aventureros-especialidades/images/manitas-ayudadoras-patinador.png,794,572,https://www.guiasmayores.com/especialidades---grado-4.html,https://www.guiasmayores.com/uploads/1/1/3/1/1131412/patinador.pdf,https://www.guiasmayores.com/uploads/1/1/3/1/1131412/992973_orig.png,
manitas-ayudadoras-promesa-del-arco-iris,Promesa del arco iris,Manitas Ayudadoras,grado-4,Grado 4 - Manitas Ayudadoras,pdf,6,/Users/abner/Documents/development/sacdia/docs/working/aventureros-especialidades/pdf/manitas-ayudadoras-promesa-del-arco-iris.pdf,/Users/abner/Documents/development/sacdia/docs/working/aventureros-especialidades/md/manitas-ayudadoras-promesa-del-arco-iris.md,/Users/abner/Documents/development/sacdia/docs/working/aventureros-especialidades/raw/manitas-ayudadoras-promesa-del-arco-iris.txt,/Users/abner/Documents/development/sacdia/docs/working/aventureros-especialidades/images/manitas-ayudadoras-promesa-del-arco-iris.png,781,557,https://www.guiasmayores.com/especialidades---grado-4.html,https://www.guiasmayores.com/uploads/1/1/3/1/1131412/av_-_promesa_del_arco_iris.pdf,https://www.guiasmayores.com/uploads/1/1/3/1/1131412/6858330_orig.png,
manitas-ayudadoras-puertas-de-perla,Puertas de perla,Manitas Ayudadoras,grado-4,Grado 4 - Manitas Ayudadoras,pdf,9,/Users/abner/Documents/development/sacdia/docs/working/aventureros-especialidades/pdf/manitas-ayudadoras-puertas-de-perla.pdf,/Users/abner/Documents/development/sacdia/docs/working/aventureros-especialidades/md/manitas-ayudadoras-puertas-de-perla.md,/Users/abner/Documents/development/sacdia/docs/working/aventureros-especialidades/raw/manitas-ayudadoras-puertas-de-perla.txt,/Users/abner/Documents/development/sacdia/docs/working/aventureros-especialidades/images/manitas-ayudadoras-puertas-de-perla.png,751,545,https://www.guiasmayores.com/especialidades---grado-4.html,https://www.guiasmayores.com/uploads/1/1/3/1/1131412/av_-_puertas_de_perla.pdf,https://www.guiasmayores.com/uploads/1/1/3/1/1131412/7649395_orig.png,
manitas-ayudadoras-pureza,Pureza,Manitas Ayudadoras,grado-4,Grado 4 - Manitas Ayudadoras,pdf,6,/Users/abner/Documents/development/sacdia/docs/working/aventureros-especialidades/pdf/manitas-ayudadoras-pureza.pdf,/Users/abner/Documents/development/sacdia/docs/working/aventureros-especialidades/md/manitas-ayudadoras-pureza.md,/Users/abner/Documents/development/sacdia/docs/working/aventureros-especialidades/raw/manitas-ayudadoras-pureza.txt,/Users/abner/Documents/development/sacdia/docs/working/aventureros-especialidades/images/manitas-ayudadoras-pureza.png,790,542,https://www.guiasmayores.com/especialidades---grado-4.html,https://www.guiasmayores.com/uploads/1/1/3/1/1131412/av_-_pureza.pdf,https://www.guiasmayores.com/uploads/1/1/3/1/1131412/2577473_orig.png,
manitas-ayudadoras-realeza-biblica,Realeza bíblica,Manitas Ayudadoras,grado-4,Grado 4 - Manitas Ayudadoras,pdf,6,/Users/abner/Documents/development/sacdia/docs/working/aventureros-especialidades/pdf/manitas-ayudadoras-realeza-biblica.pdf,/Users/abner/Documents/development/sacdia/docs/working/aventureros-especialidades/md/manitas-ayudadoras-realeza-biblica.md,/Users/abner/Documents/development/sacdia/docs/working/aventureros-especialidades/raw/manitas-ayudadoras-realeza-biblica.txt,/Users/abner/Documents/development/sacdia/docs/working/aventureros-especialidades/images/manitas-ayudadoras-realeza-biblica.png,838,608,https://www.guiasmayores.com/especialidades---grado-4.html,https://www.guiasmayores.com/uploads/1/1/3/1/1131412/av_-_realeza_bíblica.pdf,https://www.guiasmayores.com/uploads/1/1/3/1/1131412/9139448_orig.png,
manitas-ayudadoras-reportero,Reportero,Manitas Ayudadoras,grado-4,Grado 4 - Manitas Ayudadoras,pdf,9,/Users/abner/Documents/development/sacdia/docs/working/aventureros-especialidades/pdf/manitas-ayudadoras-reportero.pdf,/Users/abner/Documents/development/sacdia/docs/working/aventureros-especialidades/md/manitas-ayudadoras-reportero.md,/Users/abner/Documents/development/sacdia/docs/working/aventureros-especialidades/raw/manitas-ayudadoras-reportero.txt,/Users/abner/Documents/development/sacdia/docs/working/aventureros-especialidades/images/manitas-ayudadoras-reportero.png,794,564,https://www.guiasmayores.com/especialidades---grado-4.html,https://www.guiasmayores.com/uploads/1/1/3/1/1131412/av_-_reportero.pdf,https://www.guiasmayores.com/uploads/1/1/3/1/1131412/2137748_orig.png,
manitas-ayudadoras-santa-cena,Santa Cena,Manitas Ayudadoras,grado-4,Grado 4 - Manitas Ayudadoras,pdf,8,/Users/abner/Documents/development/sacdia/docs/working/aventureros-especialidades/pdf/manitas-ayudadoras-santa-cena.pdf,/Users/abner/Documents/development/sacdia/docs/working/aventureros-especialidades/md/manitas-ayudadoras-santa-cena.md,/Users/abner/Documents/development/sacdia/docs/working/aventureros-especialidades/raw/manitas-ayudadoras-santa-cena.txt,/Users/abner/Documents/development/sacdia/docs/working/aventureros-especialidades/images/manitas-ayudadoras-santa-cena.png,681,491,https://www.guiasmayores.com/especialidades---grado-4.html,https://www.guiasmayores.com/uploads/1/1/3/1/1131412/av_-_santa_cena.pdf,https://www.guiasmayores.com/uploads/1/1/3/1/1131412/comunion_orig.png,
manitas-ayudadoras-sellado,Sellado,Manitas Ayudadoras,grado-4,Grado 4 - Manitas Ayudadoras,pdf,7,/Users/abner/Documents/development/sacdia/docs/working/aventureros-especialidades/pdf/manitas-ayudadoras-sellado.pdf,/Users/abner/Documents/development/sacdia/docs/working/aventureros-especialidades/md/manitas-ayudadoras-sellado.md,/Users/abner/Documents/development/sacdia/docs/working/aventureros-especialidades/raw/manitas-ayudadoras-sellado.txt,/Users/abner/Documents/development/sacdia/docs/working/aventureros-especialidades/images/manitas-ayudadoras-sellado.png,778,580,https://www.guiasmayores.com/especialidades---grado-4.html,https://www.guiasmayores.com/uploads/1/1/3/1/1131412/av_-_sellado.pdf,https://www.guiasmayores.com/uploads/1/1/3/1/1131412/81878_orig.png,
manitas-ayudadoras-tabernaculo,Tabernáculo,Manitas Ayudadoras,grado-4,Grado 4 - Manitas Ayudadoras,pdf,8,/Users/abner/Documents/development/sacdia/docs/working/aventureros-especialidades/pdf/manitas-ayudadoras-tabernaculo.pdf,/Users/abner/Documents/development/sacdia/docs/working/aventureros-especialidades/md/manitas-ayudadoras-tabernaculo.md,/Users/abner/Documents/development/sacdia/docs/working/aventureros-especialidades/raw/manitas-ayudadoras-tabernaculo.txt,/Users/abner/Documents/development/sacdia/docs/working/aventureros-especialidades/images/manitas-ayudadoras-tabernaculo.png,792,572,https://www.guiasmayores.com/especialidades---grado-4.html,https://www.guiasmayores.com/uploads/1/1/3/1/1131412/av_-_tabernáculo.pdf,https://www.guiasmayores.com/uploads/1/1/3/1/1131412/2843503_orig.png,
manitas-ayudadoras-tecnologia,Tecnología,Manitas Ayudadoras,grado-4,Grado 4 - Manitas Ayudadoras,pdf,5,/Users/abner/Documents/development/sacdia/docs/working/aventureros-especialidades/pdf/manitas-ayudadoras-tecnologia.pdf,/Users/abner/Documents/development/sacdia/docs/working/aventureros-especialidades/md/manitas-ayudadoras-tecnologia.md,/Users/abner/Documents/development/sacdia/docs/working/aventureros-especialidades/raw/manitas-ayudadoras-tecnologia.txt,/Users/abner/Documents/development/sacdia/docs/working/aventureros-especialidades/images/manitas-ayudadoras-tecnologia.png,779,555,https://www.guiasmayores.com/especialidades---grado-4.html,https://www.guiasmayores.com/uploads/1/1/3/1/1131412/av_-_computadoras.pdf,https://www.guiasmayores.com/uploads/1/1/3/1/1131412/5438111_orig.png,
manitas-ayudadoras-tiro-con-arco,Tiro con arco,Manitas Ayudadoras,grado-4,Grado 4 - Manitas Ayudadoras,pdf,5,/Users/abner/Documents/development/sacdia/docs/working/aventureros-especialidades/pdf/manitas-ayudadoras-tiro-con-arco.pdf,/Users/abner/Documents/development/sacdia/docs/working/aventureros-especialidades/md/manitas-ayudadoras-tiro-con-arco.md,/Users/abner/Documents/development/sacdia/docs/working/aventureros-especialidades/raw/manitas-ayudadoras-tiro-con-arco.txt,/Users/abner/Documents/development/sacdia/docs/working/aventureros-especialidades/images/manitas-ayudadoras-tiro-con-arco.png,749,533,https://www.guiasmayores.com/especialidades---grado-4.html,https://www.guiasmayores.com/uploads/1/1/3/1/1131412/av_-_tiro_con_arco.pdf,https://www.guiasmayores.com/uploads/1/1/3/1/1131412/909839_orig.png,
multinivel-arte-con-comida,Arte con comida,Multinivel,multinivel,Multinivel,pdf,5,/Users/abner/Documents/development/sacdia/docs/working/aventureros-especialidades/pdf/multinivel-arte-con-comida.pdf,/Users/abner/Documents/development/sacdia/docs/working/aventureros-especialidades/md/multinivel-arte-con-comida.md,/Users/abner/Documents/development/sacdia/docs/working/aventureros-especialidades/raw/multinivel-arte-con-comida.txt,/Users/abner/Documents/development/sacdia/docs/working/aventureros-especialidades/images/multinivel-arte-con-comida.png,440,320,https://www.guiasmayores.com/especialidades---multinivel.html,https://www.guiasmayores.com/uploads/1/1/3/1/1131412/av_-_arte_con_comida_1.pdf,https://www.guiasmayores.com/uploads/1/1/3/1/1131412/arte-con-comida_orig.png,
multinivel-buen-samaritano,Buen samaritano,Multinivel,multinivel,Multinivel,pdf,8,/Users/abner/Documents/development/sacdia/docs/working/aventureros-especialidades/pdf/multinivel-buen-samaritano.pdf,/Users/abner/Documents/development/sacdia/docs/working/aventureros-especialidades/md/multinivel-buen-samaritano.md,/Users/abner/Documents/development/sacdia/docs/working/aventureros-especialidades/raw/multinivel-buen-samaritano.txt,/Users/abner/Documents/development/sacdia/docs/working/aventureros-especialidades/images/multinivel-buen-samaritano.png,856,618,https://www.guiasmayores.com/especialidades---multinivel.html,https://www.guiasmayores.com/uploads/1/1/3/1/1131412/av_-_buen_samaritano.pdf,https://www.guiasmayores.com/uploads/1/1/3/1/1131412/buen-samaritano_orig.png,
multinivel-contar-historias-biblicas,Contar historias bíblicas,Multinivel,multinivel,Multinivel,pdf,5,/Users/abner/Documents/development/sacdia/docs/working/aventureros-especialidades/pdf/multinivel-contar-historias-biblicas.pdf,/Users/abner/Documents/development/sacdia/docs/working/aventureros-especialidades/md/multinivel-contar-historias-biblicas.md,/Users/abner/Documents/development/sacdia/docs/working/aventureros-especialidades/raw/multinivel-contar-historias-biblicas.txt,/Users/abner/Documents/development/sacdia/docs/working/aventureros-especialidades/images/multinivel-contar-historias-biblicas.png,881,649,https://www.guiasmayores.com/especialidades---multinivel.html,https://www.guiasmayores.com/uploads/1/1/3/1/1131412/contar_historias_bíblicas.pdf,https://www.guiasmayores.com/uploads/1/1/3/1/1131412/bible-story-telling_orig.png,
multinivel-cooperacion,Cooperación,Multinivel,multinivel,Multinivel,pdf,7,/Users/abner/Documents/development/sacdia/docs/working/aventureros-especialidades/pdf/multinivel-cooperacion.pdf,/Users/abner/Documents/development/sacdia/docs/working/aventureros-especialidades/md/multinivel-cooperacion.md,/Users/abner/Documents/development/sacdia/docs/working/aventureros-especialidades/raw/multinivel-cooperacion.txt,/Users/abner/Documents/development/sacdia/docs/working/aventureros-especialidades/images/multinivel-cooperacion.png,793,571,https://www.guiasmayores.com/especialidades---multinivel.html,https://www.guiasmayores.com/uploads/1/1/3/1/1131412/av_-_cooperación.pdf,https://www.guiasmayores.com/uploads/1/1/3/1/1131412/930701_orig.png,
multinivel-creacion,Creación,Multinivel,multinivel,Multinivel,pdf,6,/Users/abner/Documents/development/sacdia/docs/working/aventureros-especialidades/pdf/multinivel-creacion.pdf,/Users/abner/Documents/development/sacdia/docs/working/aventureros-especialidades/md/multinivel-creacion.md,/Users/abner/Documents/development/sacdia/docs/working/aventureros-especialidades/raw/multinivel-creacion.txt,/Users/abner/Documents/development/sacdia/docs/working/aventureros-especialidades/images/multinivel-creacion.png,933,659,https://www.guiasmayores.com/especialidades---multinivel.html,https://www.guiasmayores.com/uploads/1/1/3/1/1131412/av_-_creación.pdf,https://www.guiasmayores.com/uploads/1/1/3/1/1131412/creation_orig.png,
multinivel-creado-por-dios,Creado por Dios,Multinivel,multinivel,Multinivel,pdf,6,/Users/abner/Documents/development/sacdia/docs/working/aventureros-especialidades/pdf/multinivel-creado-por-dios.pdf,/Users/abner/Documents/development/sacdia/docs/working/aventureros-especialidades/md/multinivel-creado-por-dios.md,/Users/abner/Documents/development/sacdia/docs/working/aventureros-especialidades/raw/multinivel-creado-por-dios.txt,/Users/abner/Documents/development/sacdia/docs/working/aventureros-especialidades/images/multinivel-creado-por-dios.png,488,352,https://www.guiasmayores.com/especialidades---multinivel.html,https://www.guiasmayores.com/uploads/1/1/3/1/1131412/av_-_creado_por_dios.pdf,https://www.guiasmayores.com/uploads/1/1/3/1/1131412/made-by-god_orig.png,
multinivel-dinosaurios,Dinosaurios,Multinivel,multinivel,Multinivel,pdf,9,/Users/abner/Documents/development/sacdia/docs/working/aventureros-especialidades/pdf/multinivel-dinosaurios.pdf,/Users/abner/Documents/development/sacdia/docs/working/aventureros-especialidades/md/multinivel-dinosaurios.md,/Users/abner/Documents/development/sacdia/docs/working/aventureros-especialidades/raw/multinivel-dinosaurios.txt,/Users/abner/Documents/development/sacdia/docs/working/aventureros-especialidades/images/multinivel-dinosaurios.png,1073,800,https://www.guiasmayores.com/especialidades---multinivel.html,https://www.guiasmayores.com/uploads/1/1/3/1/1131412/av_-_dinosaurios.pdf,https://www.guiasmayores.com/uploads/1/1/3/1/1131412/dinosaurios_orig.png,
multinivel-diversion-con-fotos,Diversión con fotos,Multinivel,multinivel,Multinivel,pdf,6,/Users/abner/Documents/development/sacdia/docs/working/aventureros-especialidades/pdf/multinivel-diversion-con-fotos.pdf,/Users/abner/Documents/development/sacdia/docs/working/aventureros-especialidades/md/multinivel-diversion-con-fotos.md,/Users/abner/Documents/development/sacdia/docs/working/aventureros-especialidades/raw/multinivel-diversion-con-fotos.txt,/Users/abner/Documents/development/sacdia/docs/working/aventureros-especialidades/images/multinivel-diversion-con-fotos.png,644,459,https://www.guiasmayores.com/especialidades---multinivel.html,https://www.guiasmayores.com/uploads/1/1/3/1/1131412/av_-_diversión_con_fotos.pdf,https://www.guiasmayores.com/uploads/1/1/3/1/1131412/3909750_orig.png,
multinivel-enfermedades-contagiosas,Enfermedades contagiosas,Multinivel,multinivel,Multinivel,pdf,7,/Users/abner/Documents/development/sacdia/docs/working/aventureros-especialidades/pdf/multinivel-enfermedades-contagiosas.pdf,/Users/abner/Documents/development/sacdia/docs/working/aventureros-especialidades/md/multinivel-enfermedades-contagiosas.md,/Users/abner/Documents/development/sacdia/docs/working/aventureros-especialidades/raw/multinivel-enfermedades-contagiosas.txt,/Users/abner/Documents/development/sacdia/docs/working/aventureros-especialidades/images/multinivel-enfermedades-contagiosas.png,915,723,https://www.guiasmayores.com/especialidades---multinivel.html,https://www.guiasmayores.com/uploads/1/1/3/1/1131412/dsa_-_enfermedades_contagiosas.pdf,https://www.guiasmayores.com/uploads/1/1/3/1/1131412/enfermedades-contagiosas-0_orig.png,
multinivel-escuchar,Escuchar,Multinivel,multinivel,Multinivel,pdf,5,/Users/abner/Documents/development/sacdia/docs/working/aventureros-especialidades/pdf/multinivel-escuchar.pdf,/Users/abner/Documents/development/sacdia/docs/working/aventureros-especialidades/md/multinivel-escuchar.md,/Users/abner/Documents/development/sacdia/docs/working/aventureros-especialidades/raw/multinivel-escuchar.txt,/Users/abner/Documents/development/sacdia/docs/working/aventureros-especialidades/images/multinivel-escuchar.png,788,568,https://www.guiasmayores.com/especialidades---multinivel.html,https://www.guiasmayores.com/uploads/1/1/3/1/1131412/av_-_escuchar_01.pdf,https://www.guiasmayores.com/uploads/1/1/3/1/1131412/7452993_orig.png,
multinivel-gallinas,Gallinas,Multinivel,multinivel,Multinivel,pdf,10,/Users/abner/Documents/development/sacdia/docs/working/aventureros-especialidades/pdf/multinivel-gallinas.pdf,/Users/abner/Documents/development/sacdia/docs/working/aventureros-especialidades/md/multinivel-gallinas.md,/Users/abner/Documents/development/sacdia/docs/working/aventureros-especialidades/raw/multinivel-gallinas.txt,/Users/abner/Documents/development/sacdia/docs/working/aventureros-especialidades/images/multinivel-gallinas.png,1100,785,https://www.guiasmayores.com/especialidades---multinivel.html,https://www.guiasmayores.com/uploads/1/1/3/1/1131412/av_-_gallinas.pdf,https://www.guiasmayores.com/uploads/1/1/3/1/1131412/gallinas_orig.png,
multinivel-germenes,Gérmenes,Multinivel,multinivel,Multinivel,pdf,9,/Users/abner/Documents/development/sacdia/docs/working/aventureros-especialidades/pdf/multinivel-germenes.pdf,/Users/abner/Documents/development/sacdia/docs/working/aventureros-especialidades/md/multinivel-germenes.md,/Users/abner/Documents/development/sacdia/docs/working/aventureros-especialidades/raw/multinivel-germenes.txt,/Users/abner/Documents/development/sacdia/docs/working/aventureros-especialidades/images/multinivel-germenes.png,444,311,https://www.guiasmayores.com/especialidades---multinivel.html,https://www.guiasmayores.com/uploads/1/1/3/1/1131412/av_-_gérmenes.pdf,https://www.guiasmayores.com/uploads/1/1/3/1/1131412/g-rmenes_orig.png,
multinivel-globo-aerostatico,Globo aerostático,Multinivel,multinivel,Multinivel,pdf,5,/Users/abner/Documents/development/sacdia/docs/working/aventureros-especialidades/pdf/multinivel-globo-aerostatico.pdf,/Users/abner/Documents/development/sacdia/docs/working/aventureros-especialidades/md/multinivel-globo-aerostatico.md,/Users/abner/Documents/development/sacdia/docs/working/aventureros-especialidades/raw/multinivel-globo-aerostatico.txt,/Users/abner/Documents/development/sacdia/docs/working/aventureros-especialidades/images/multinivel-globo-aerostatico.png,476,343,https://www.guiasmayores.com/especialidades---multinivel.html,https://www.guiasmayores.com/uploads/1/1/3/1/1131412/av_-_globo_aerostático.pdf,https://www.guiasmayores.com/uploads/1/1/3/1/1131412/globo-aerost-tico_orig.png,
multinivel-hombres-de-la-biblia,Hombres de la Biblia,Multinivel,multinivel,Multinivel,pdf,9,/Users/abner/Documents/development/sacdia/docs/working/aventureros-especialidades/pdf/multinivel-hombres-de-la-biblia.pdf,/Users/abner/Documents/development/sacdia/docs/working/aventureros-especialidades/md/multinivel-hombres-de-la-biblia.md,/Users/abner/Documents/development/sacdia/docs/working/aventureros-especialidades/raw/multinivel-hombres-de-la-biblia.txt,/Users/abner/Documents/development/sacdia/docs/working/aventureros-especialidades/images/multinivel-hombres-de-la-biblia.png,1100,796,https://www.guiasmayores.com/especialidades---multinivel.html,https://www.guiasmayores.com/uploads/1/1/3/1/1131412/av_-_hombres_de_la_biblia.pdf,https://www.guiasmayores.com/uploads/1/1/3/1/1131412/hombres-de-la-biblia_orig.png,
multinivel-magdalenas-y-mas,Magdalenas y más,Multinivel,multinivel,Multinivel,pdf,6,/Users/abner/Documents/development/sacdia/docs/working/aventureros-especialidades/pdf/multinivel-magdalenas-y-mas.pdf,/Users/abner/Documents/development/sacdia/docs/working/aventureros-especialidades/md/multinivel-magdalenas-y-mas.md,/Users/abner/Documents/development/sacdia/docs/working/aventureros-especialidades/raw/multinivel-magdalenas-y-mas.txt,/Users/abner/Documents/development/sacdia/docs/working/aventureros-especialidades/images/multinivel-magdalenas-y-mas.png,1066,800,https://www.guiasmayores.com/especialidades---multinivel.html,https://www.guiasmayores.com/uploads/1/1/3/1/1131412/av_-_magdalenas_y_más.pdf,https://www.guiasmayores.com/uploads/1/1/3/1/1131412/magdalenas_orig.png,
multinivel-mantenerse-a-salvo,Mantenerse a salvo,Multinivel,multinivel,Multinivel,pdf,5,/Users/abner/Documents/development/sacdia/docs/working/aventureros-especialidades/pdf/multinivel-mantenerse-a-salvo.pdf,/Users/abner/Documents/development/sacdia/docs/working/aventureros-especialidades/md/multinivel-mantenerse-a-salvo.md,/Users/abner/Documents/development/sacdia/docs/working/aventureros-especialidades/raw/multinivel-mantenerse-a-salvo.txt,/Users/abner/Documents/development/sacdia/docs/working/aventureros-especialidades/images/multinivel-mantenerse-a-salvo.png,806,548,https://www.guiasmayores.com/especialidades---multinivel.html,https://www.guiasmayores.com/uploads/1/1/3/1/1131412/av_-_mantenerse_a_salvo.pdf,https://www.guiasmayores.com/uploads/1/1/3/1/1131412/stay-safe_orig.png,
multinivel-mis-sentidos,Mis sentidos,Multinivel,multinivel,Multinivel,pdf,7,/Users/abner/Documents/development/sacdia/docs/working/aventureros-especialidades/pdf/multinivel-mis-sentidos.pdf,/Users/abner/Documents/development/sacdia/docs/working/aventureros-especialidades/md/multinivel-mis-sentidos.md,/Users/abner/Documents/development/sacdia/docs/working/aventureros-especialidades/raw/multinivel-mis-sentidos.txt,/Users/abner/Documents/development/sacdia/docs/working/aventureros-especialidades/images/multinivel-mis-sentidos.png,954,686,https://www.guiasmayores.com/especialidades---multinivel.html,https://www.guiasmayores.com/uploads/1/1/3/1/1131412/av_-_mis_sentidos.pdf,https://www.guiasmayores.com/uploads/1/1/3/1/1131412/mis-sentidos_orig.png,
multinivel-mujeres-de-la-biblia,Mujeres de la Biblia,Multinivel,multinivel,Multinivel,pdf,8,/Users/abner/Documents/development/sacdia/docs/working/aventureros-especialidades/pdf/multinivel-mujeres-de-la-biblia.pdf,/Users/abner/Documents/development/sacdia/docs/working/aventureros-especialidades/md/multinivel-mujeres-de-la-biblia.md,/Users/abner/Documents/development/sacdia/docs/working/aventureros-especialidades/raw/multinivel-mujeres-de-la-biblia.txt,/Users/abner/Documents/development/sacdia/docs/working/aventureros-especialidades/images/multinivel-mujeres-de-la-biblia.png,1092,800,https://www.guiasmayores.com/especialidades---multinivel.html,https://www.guiasmayores.com/uploads/1/1/3/1/1131412/av_-_mujeres_de_la_biblia.pdf,https://www.guiasmayores.com/uploads/1/1/3/1/1131412/mujeres_orig.png,
multinivel-pan-de-vida,Pan de vida,Multinivel,multinivel,Multinivel,pdf,9,/Users/abner/Documents/development/sacdia/docs/working/aventureros-especialidades/pdf/multinivel-pan-de-vida.pdf,/Users/abner/Documents/development/sacdia/docs/working/aventureros-especialidades/md/multinivel-pan-de-vida.md,/Users/abner/Documents/development/sacdia/docs/working/aventureros-especialidades/raw/multinivel-pan-de-vida.txt,/Users/abner/Documents/development/sacdia/docs/working/aventureros-especialidades/images/multinivel-pan-de-vida.png,789,573,https://www.guiasmayores.com/especialidades---multinivel.html,https://www.guiasmayores.com/uploads/1/1/3/1/1131412/av_-_pan_de_vida.pdf,https://www.guiasmayores.com/uploads/1/1/3/1/1131412/2426296_orig.png,
multinivel-parabolas-de-jesus,Parábolas de Jesús,Multinivel,multinivel,Multinivel,pdf,6,/Users/abner/Documents/development/sacdia/docs/working/aventureros-especialidades/pdf/multinivel-parabolas-de-jesus.pdf,/Users/abner/Documents/development/sacdia/docs/working/aventureros-especialidades/md/multinivel-parabolas-de-jesus.md,/Users/abner/Documents/development/sacdia/docs/working/aventureros-especialidades/raw/multinivel-parabolas-de-jesus.txt,/Users/abner/Documents/development/sacdia/docs/working/aventureros-especialidades/images/multinivel-parabolas-de-jesus.png,370,262,https://www.guiasmayores.com/especialidades---multinivel.html,https://www.guiasmayores.com/uploads/1/1/3/1/1131412/av_-_parábolas_de_jesús.pdf,https://www.guiasmayores.com/uploads/1/1/3/1/1131412/9628151_orig.png,
multinivel-perros,Perros,Multinivel,multinivel,Multinivel,pdf,9,/Users/abner/Documents/development/sacdia/docs/working/aventureros-especialidades/pdf/multinivel-perros.pdf,/Users/abner/Documents/development/sacdia/docs/working/aventureros-especialidades/md/multinivel-perros.md,/Users/abner/Documents/development/sacdia/docs/working/aventureros-especialidades/raw/multinivel-perros.txt,/Users/abner/Documents/development/sacdia/docs/working/aventureros-especialidades/images/multinivel-perros.png,873,629,https://www.guiasmayores.com/especialidades---multinivel.html,https://www.guiasmayores.com/uploads/1/1/3/1/1131412/av_-_perros.pdf,https://www.guiasmayores.com/uploads/1/1/3/1/1131412/7741999_orig.png,
multinivel-pinata,Piñata,Multinivel,multinivel,Multinivel,pdf,12,/Users/abner/Documents/development/sacdia/docs/working/aventureros-especialidades/pdf/multinivel-pinata.pdf,/Users/abner/Documents/development/sacdia/docs/working/aventureros-especialidades/md/multinivel-pinata.md,/Users/abner/Documents/development/sacdia/docs/working/aventureros-especialidades/raw/multinivel-pinata.txt,/Users/abner/Documents/development/sacdia/docs/working/aventureros-especialidades/images/multinivel-pinata.png,1100,780,https://www.guiasmayores.com/especialidades---multinivel.html,https://www.guiasmayores.com/uploads/1/1/3/1/1131412/av_-_piñata.pdf,https://www.guiasmayores.com/uploads/1/1/3/1/1131412/pi-ata_orig.png,
multinivel-pioneros-adventistas-ii,Pioneros adventistas II,Multinivel,multinivel,Multinivel,pdf,5,/Users/abner/Documents/development/sacdia/docs/working/aventureros-especialidades/pdf/multinivel-pioneros-adventistas-ii.pdf,/Users/abner/Documents/development/sacdia/docs/working/aventureros-especialidades/md/multinivel-pioneros-adventistas-ii.md,/Users/abner/Documents/development/sacdia/docs/working/aventureros-especialidades/raw/multinivel-pioneros-adventistas-ii.txt,/Users/abner/Documents/development/sacdia/docs/working/aventureros-especialidades/images/multinivel-pioneros-adventistas-ii.png,590,446,https://www.guiasmayores.com/especialidades---multinivel.html,https://www.guiasmayores.com/uploads/1/1/3/1/1131412/dsa_-_pioneros_de_la_iglesia_ii.pdf,https://www.guiasmayores.com/uploads/1/1/3/1/1131412/7282523_orig.png,
multinivel-protectores-del-oceano,Protectores del océano,Multinivel,multinivel,Multinivel,pdf,11,/Users/abner/Documents/development/sacdia/docs/working/aventureros-especialidades/pdf/multinivel-protectores-del-oceano.pdf,/Users/abner/Documents/development/sacdia/docs/working/aventureros-especialidades/md/multinivel-protectores-del-oceano.md,/Users/abner/Documents/development/sacdia/docs/working/aventureros-especialidades/raw/multinivel-protectores-del-oceano.txt,/Users/abner/Documents/development/sacdia/docs/working/aventureros-especialidades/images/multinivel-protectores-del-oceano.png,484,347,https://www.guiasmayores.com/especialidades---multinivel.html,https://www.guiasmayores.com/uploads/1/1/3/1/1131412/av_-_protectores_del_océano.pdf,https://www.guiasmayores.com/uploads/1/1/3/1/1131412/ocean-protectors_orig.png,
multinivel-quedarse-en-casa,Quedarse en casa,Multinivel,multinivel,Multinivel,pdf,16,/Users/abner/Documents/development/sacdia/docs/working/aventureros-especialidades/pdf/multinivel-quedarse-en-casa.pdf,/Users/abner/Documents/development/sacdia/docs/working/aventureros-especialidades/md/multinivel-quedarse-en-casa.md,/Users/abner/Documents/development/sacdia/docs/working/aventureros-especialidades/raw/multinivel-quedarse-en-casa.txt,/Users/abner/Documents/development/sacdia/docs/working/aventureros-especialidades/images/multinivel-quedarse-en-casa.png,432,333,https://www.guiasmayores.com/especialidades---multinivel.html,https://www.guiasmayores.com/uploads/1/1/3/1/1131412/quedarse_en_casa_-_av.pdf,https://www.guiasmayores.com/uploads/1/1/3/1/1131412/staying-at-home_orig.png,
multinivel-sabado-de-delicia,Sábado de delicia,Multinivel,multinivel,Multinivel,pdf,5,/Users/abner/Documents/development/sacdia/docs/working/aventureros-especialidades/pdf/multinivel-sabado-de-delicia.pdf,/Users/abner/Documents/development/sacdia/docs/working/aventureros-especialidades/md/multinivel-sabado-de-delicia.md,/Users/abner/Documents/development/sacdia/docs/working/aventureros-especialidades/raw/multinivel-sabado-de-delicia.txt,/Users/abner/Documents/development/sacdia/docs/working/aventureros-especialidades/images/multinivel-sabado-de-delicia.png,842,602,https://www.guiasmayores.com/especialidades---multinivel.html,https://www.guiasmayores.com/uploads/1/1/3/1/1131412/av_-_sábado_de_delicia.pdf,https://www.guiasmayores.com/uploads/1/1/3/1/1131412/4544126_orig.png,
multinivel-talentos,Talentos,Multinivel,multinivel,Multinivel,pdf,7,/Users/abner/Documents/development/sacdia/docs/working/aventureros-especialidades/pdf/multinivel-talentos.pdf,/Users/abner/Documents/development/sacdia/docs/working/aventureros-especialidades/md/multinivel-talentos.md,/Users/abner/Documents/development/sacdia/docs/working/aventureros-especialidades/raw/multinivel-talentos.txt,/Users/abner/Documents/development/sacdia/docs/working/aventureros-especialidades/images/multinivel-talentos.png,661,476,https://www.guiasmayores.com/especialidades---multinivel.html,https://www.guiasmayores.com/uploads/1/1/3/1/1131412/av_-_talentos.pdf,https://www.guiasmayores.com/uploads/1/1/3/1/1131412/talent_orig.png,
multinivel-tres-angeles,Tres Ángeles,Multinivel,multinivel,Multinivel,pdf,13,/Users/abner/Documents/development/sacdia/docs/working/aventureros-especialidades/pdf/multinivel-tres-angeles.pdf,/Users/abner/Documents/development/sacdia/docs/working/aventureros-especialidades/md/multinivel-tres-angeles.md,/Users/abner/Documents/development/sacdia/docs/working/aventureros-especialidades/raw/multinivel-tres-angeles.txt,/Users/abner/Documents/development/sacdia/docs/working/aventureros-especialidades/images/multinivel-tres-angeles.png,481,338,https://www.guiasmayores.com/especialidades---multinivel.html,https://www.guiasmayores.com/uploads/1/1/3/1/1131412/av_-_tres_Ángeles.pdf,https://www.guiasmayores.com/uploads/1/1/3/1/1131412/los-tres-ngeles_orig.png,
multinivel-universo-de-dios,Universo de Dios,Multinivel,multinivel,Multinivel,pdf,7,/Users/abner/Documents/development/sacdia/docs/working/aventureros-especialidades/pdf/multinivel-universo-de-dios.pdf,/Users/abner/Documents/development/sacdia/docs/working/aventureros-especialidades/md/multinivel-universo-de-dios.md,/Users/abner/Documents/development/sacdia/docs/working/aventureros-especialidades/raw/multinivel-universo-de-dios.txt,/Users/abner/Documents/development/sacdia/docs/working/aventureros-especialidades/images/multinivel-universo-de-dios.png,926,648,https://www.guiasmayores.com/especialidades---multinivel.html,https://www.guiasmayores.com/uploads/1/1/3/1/1131412/av_-_universo_de_dios.pdf,https://www.guiasmayores.com/uploads/1/1/3/1/1131412/1470104_orig.png,
multinivel-velas,Velas,Multinivel,multinivel,Multinivel,pdf,5,/Users/abner/Documents/development/sacdia/docs/working/aventureros-especialidades/pdf/multinivel-velas.pdf,/Users/abner/Documents/development/sacdia/docs/working/aventureros-especialidades/md/multinivel-velas.md,/Users/abner/Documents/development/sacdia/docs/working/aventureros-especialidades/raw/multinivel-velas.txt,/Users/abner/Documents/development/sacdia/docs/working/aventureros-especialidades/images/multinivel-velas.png,1100,779,https://www.guiasmayores.com/especialidades---multinivel.html,https://www.guiasmayores.com/uploads/1/1/3/1/1131412/av_-_velas.pdf,https://www.guiasmayores.com/uploads/1/1/3/1/1131412/velas_orig.png,
